volume,position,danceability,energy,loudness,speechiness,acousticness,instrumentalness,liveness,valence,tempo,y_danceability,y_energy,y_loudness,y_speechiness,y_acousticness,y_instrumentalness,y_liveness,y_valence,y_tempo
39,1,0.336,0.295,-16.796,0.0368,0.992,0.895,0.0824,0.0388,158.167,0.673,0.331,-21.874,0.0437,0.827,0.956,0.102,0.733,101.003
39,2,0.673,0.331,-21.874,0.0437,0.827,0.956,0.102,0.733,101.003,0.789,0.412,-7.518,0.243,0.0218,0.000312,0.3,0.518,89.914
39,3,0.789,0.412,-7.518,0.243,0.0218,0.000312,0.3,0.518,89.914,0.723,0.388,-14.858,0.0356,0.731,0.933,0.0582,0.19,110.009
39,4,0.723,0.388,-14.858,0.0356,0.731,0.933,0.0582,0.19,110.009,0.981,0.856,-8.869,0.227,0.157,0.842,0.106,0.434,120.007
39,5,0.981,0.856,-8.869,0.227,0.157,0.842,0.106,0.434,120.007,0.758,0.672,-9.411,0.0455,0.0515,0.0861,0.114,0.178,120.01
39,6,0.758,0.672,-9.411,0.0455,0.0515,0.0861,0.114,0.178,120.01,0.547,0.571,-6.312,0.0336,0.454,0.851,0.0845,0.289,130.686
39,7,0.547,0.571,-6.312,0.0336,0.454,0.851,0.0845,0.289,130.686,0.68,0.484,-13.829,0.0761,0.44,0.905,0.176,0.0723,122.044
39,8,0.68,0.484,-13.829,0.0761,0.44,0.905,0.176,0.0723,122.044,0.689,0.793,-9.579,0.04,0.24,0.924,0.141,0.24,121.983
39,9,0.689,0.793,-9.579,0.04,0.24,0.924,0.141,0.24,121.983,0.669,0.885,-6.538,0.0361,0.00134,0.906,0.213,0.156,119.974
39,10,0.669,0.885,-6.538,0.0361,0.00134,0.906,0.213,0.156,119.974,0.56,0.865,-1.148,0.0909,0.255,0.000153,0.083,0.424,159.96
39,11,0.56,0.865,-1.148,0.0909,0.255,0.000153,0.083,0.424,159.96,0.594,0.631,-8.868,0.0261,0.785,0.943,0.186,0.113,121.982
39,12,0.594,0.631,-8.868,0.0261,0.785,0.943,0.186,0.113,121.982,0.777,0.686,-8.933,0.0368,0.398,0.572,0.0664,0.648,127.993
38,1,0.187,0.00257,-37.134,0.0427,0.994,0.952,0.0915,0.0374,123.707,0.671,0.545,-12.848,0.0393,0.524,0.853,0.118,0.284,133.036
38,2,0.671,0.545,-12.848,0.0393,0.524,0.853,0.118,0.284,133.036,0.688,0.779,-10.129,0.0579,0.0387,0.118,0.349,0.938,94.073
38,3,0.688,0.779,-10.129,0.0579,0.0387,0.118,0.349,0.938,94.073,0.539,0.705,-6.729,0.0527,0.00828,0.135,0.133,0.685,186.033
38,4,0.539,0.705,-6.729,0.0527,0.00828,0.135,0.133,0.685,186.033,0.707,0.573,-8.403,0.0276,0.025,0.291,0.0858,0.189,100.006
38,5,0.707,0.573,-8.403,0.0276,0.025,0.291,0.0858,0.189,100.006,0.744,0.835,-10.501,0.0529,0.4,0.911,0.0562,0.296,117.997
38,6,0.744,0.835,-10.501,0.0529,0.4,0.911,0.0562,0.296,117.997,0.722,0.799,-7.93,0.0728,0.278,0.884,0.12,0.373,169.887
38,7,0.722,0.799,-7.93,0.0728,0.278,0.884,0.12,0.373,169.887,0.853,0.4,-8.276,0.0852,0.697,0.715,0.0782,0.0556,135.005
38,8,0.853,0.4,-8.276,0.0852,0.697,0.715,0.0782,0.0556,135.005,0.547,0.58,-8.099,0.0477,0.371,0.144,0.208,0.273,76.03
38,9,0.547,0.58,-8.099,0.0477,0.371,0.144,0.208,0.273,76.03,0.688,0.651,-10.774,0.0336,0.373,0.435,0.102,0.278,121.987
38,10,0.688,0.651,-10.774,0.0336,0.373,0.435,0.102,0.278,121.987,0.789,0.435,-9.506,0.149,0.691,0.0418,0.107,0.166,122.995
38,11,0.789,0.435,-9.506,0.149,0.691,0.0418,0.107,0.166,122.995,0.543,0.668,-11.182,0.0357,0.00233,0.691,0.443,0.11,127.982
38,12,0.543,0.668,-11.182,0.0357,0.00233,0.691,0.443,0.11,127.982,0.753,0.317,-11.027,0.0459,0.00789,0.845,0.0649,0.141,120.016
37,1,0.335,0.033,-29.168,0.0399,0.992,0.929,0.0801,0.281,72.704,0.521,0.825,-6.681,0.0409,0.789,0.882,0.112,0.221,120.017
37,2,0.521,0.825,-6.681,0.0409,0.789,0.882,0.112,0.221,120.017,0.31,0.279,-18.353,0.0519,0.748,0.922,0.0956,0.031,107.1
37,3,0.31,0.279,-18.353,0.0519,0.748,0.922,0.0956,0.031,107.1,0.673,0.258,-18.972,0.0387,0.242,0.876,0.105,0.248,122.008
37,4,0.673,0.258,-18.972,0.0387,0.242,0.876,0.105,0.248,122.008,0.576,0.764,-10.799,0.188,0.418,0.0749,0.0667,0.823,126.048
37,5,0.576,0.764,-10.799,0.188,0.418,0.0749,0.0667,0.823,126.048,0.586,0.786,-3.768,0.0484,0.0212,9.35e-05,0.642,0.326,115.959
37,6,0.586,0.786,-3.768,0.0484,0.0212,9.35e-05,0.642,0.326,115.959,0.589,0.431,-10.096,0.0475,0.554,0.0317,0.0878,0.159,134.688
37,7,0.589,0.431,-10.096,0.0475,0.554,0.0317,0.0878,0.159,134.688,0.79,0.425,-13.43,0.0691,0.265,0.922,0.107,0.569,125.001
37,8,0.79,0.425,-13.43,0.0691,0.265,0.922,0.107,0.569,125.001,0.546,0.404,-7.441,0.0353,0.492,0.0269,0.115,0.0395,92.07
37,9,0.546,0.404,-7.441,0.0353,0.492,0.0269,0.115,0.0395,92.07,0.565,0.363,-13.758,0.0433,0.815,0.886,0.115,0.0779,129.562
37,10,0.565,0.363,-13.758,0.0433,0.815,0.886,0.115,0.0779,129.562,0.783,0.887,-7.324,0.0404,0.159,0.874,0.416,0.184,115.003
37,11,0.783,0.887,-7.324,0.0404,0.159,0.874,0.416,0.184,115.003,0.39,0.667,-8.759,0.0748,0.655,0.905,0.165,0.0947,110.06
37,12,0.39,0.667,-8.759,0.0748,0.655,0.905,0.165,0.0947,110.06,0.598,0.561,-11.421,0.0511,0.0229,0.557,0.109,0.0385,182.988
36,1,0.394,0.0827,-24.612,0.0373,0.98,0.949,0.141,0.109,131.892,0.566,0.153,-23.892,0.0323,0.993,0.92,0.0851,0.116,70.123
36,2,0.566,0.153,-23.892,0.0323,0.993,0.92,0.0851,0.116,70.123,0.735,0.555,-8.84,0.0366,0.382,0.856,0.0952,0.523,100.01
36,3,0.735,0.555,-8.84,0.0366,0.382,0.856,0.0952,0.523,100.01,0.781,0.629,-6.152,0.0647,0.229,0.000536,0.0881,0.693,111.975
36,4,0.781,0.629,-6.152,0.0647,0.229,0.000536,0.0881,0.693,111.975,0.546,0.657,-7.48,0.0376,0.132,0.671,0.124,0.0935,87.996
36,5,0.546,0.657,-7.48,0.0376,0.132,0.671,0.124,0.0935,87.996,0.671,0.529,-9.39,0.0777,0.307,0.752,0.0782,0.176,89.981
36,6,0.671,0.529,-9.39,0.0777,0.307,0.752,0.0782,0.176,89.981,0.581,0.576,-12.545,0.0442,0.606,0.907,0.142,0.191,120.998
36,7,0.581,0.576,-12.545,0.0442,0.606,0.907,0.142,0.191,120.998,0.353,0.727,-8.578,0.0451,0.395,0.727,0.0926,0.0384,113.002
36,8,0.353,0.727,-8.578,0.0451,0.395,0.727,0.0926,0.0384,113.002,0.77,0.566,-12.939,0.0624,0.00123,0.902,0.143,0.194,120.013
36,9,0.77,0.566,-12.939,0.0624,0.00123,0.902,0.143,0.194,120.013,0.629,0.767,-7.97,0.0349,0.0999,0.933,0.0528,0.192,123.986
36,10,0.629,0.767,-7.97,0.0349,0.0999,0.933,0.0528,0.192,123.986,0.741,0.789,-4.787,0.0307,0.00137,0.413,0.111,0.475,120.002
36,11,0.741,0.789,-4.787,0.0307,0.00137,0.413,0.111,0.475,120.002,0.698,0.641,-11.253,0.0397,0.323,0.826,0.114,0.262,125.012
36,12,0.698,0.641,-11.253,0.0397,0.323,0.826,0.114,0.262,125.012,0.598,0.561,-11.421,0.0511,0.0229,0.557,0.109,0.0385,182.988
35,1,0.0644,0.232,-16.156,0.0369,0.244,0.828,0.103,0.032,56.78,0.646,0.656,-12.783,0.0375,0.0584,0.924,0.119,0.601,109.976
35,2,0.646,0.656,-12.783,0.0375,0.0584,0.924,0.119,0.601,109.976,0.463,0.359,-11.144,0.0326,0.764,0.0224,0.0997,0.161,135.055
35,3,0.463,0.359,-11.144,0.0326,0.764,0.0224,0.0997,0.161,135.055,0.706,0.532,-8.347,0.0332,0.599,0.578,0.341,0.307,108.082
35,4,0.706,0.532,-8.347,0.0332,0.599,0.578,0.341,0.307,108.082,0.451,0.611,-9.937,0.0357,0.0243,0.892,0.139,0.291,176.177
35,5,0.451,0.611,-9.937,0.0357,0.0243,0.892,0.139,0.291,176.177,0.63,0.729,-9.81,0.0327,0.52,0.935,0.0896,0.434,99.015
35,6,0.63,0.729,-9.81,0.0327,0.52,0.935,0.0896,0.434,99.015,0.8,0.752,-6.957,0.0438,0.000868,0.302,0.0624,0.659,120.01
35,7,0.8,0.752,-6.957,0.0438,0.000868,0.302,0.0624,0.659,120.01,0.713,0.725,-9.951,0.0385,0.539,0.886,0.111,0.24,122.041
35,8,0.713,0.725,-9.951,0.0385,0.539,0.886,0.111,0.24,122.041,0.668,0.727,-7.899,0.0395,0.324,0.895,0.275,0.35,117.006
35,9,0.668,0.727,-7.899,0.0395,0.324,0.895,0.275,0.35,117.006,0.622,0.855,-7.563,0.0345,0.0498,0.824,0.0914,0.0395,120.002
35,10,0.622,0.855,-7.563,0.0345,0.0498,0.824,0.0914,0.0395,120.002,0.805,0.564,-6.069,0.0478,0.0206,0.176,0.0833,0.656,118.987
35,11,0.805,0.564,-6.069,0.0478,0.0206,0.176,0.0833,0.656,118.987,0.631,0.743,-13.904,0.047,0.214,0.944,0.088,0.338,94.023
35,12,0.631,0.743,-13.904,0.047,0.214,0.944,0.088,0.338,94.023,0.391,0.794,-8.861,0.0427,0.026,0.864,0.0852,0.0662,122.982
34,1,0.241,0.0272,-24.563,0.0446,0.983,0.931,0.103,0.0377,100.237,0.23,0.0592,-23.594,0.0445,0.989,0.941,0.0906,0.103,89.965
34,2,0.23,0.0592,-23.594,0.0445,0.989,0.941,0.0906,0.103,89.965,0.488,0.545,-11.946,0.0394,0.33,0.828,0.135,0.082,175.884
34,3,0.488,0.545,-11.946,0.0394,0.33,0.828,0.135,0.082,175.884,0.624,0.715,-7.959,0.0403,0.00969,0.882,0.176,0.185,150.045
34,4,0.624,0.715,-7.959,0.0403,0.00969,0.882,0.176,0.185,150.045,0.734,0.391,-14.791,0.0475,0.917,0.681,0.151,0.245,97.022
34,5,0.734,0.391,-14.791,0.0475,0.917,0.681,0.151,0.245,97.022,0.721,0.838,-7.579,0.0428,0.0447,0.749,0.0445,0.453,125.999
34,6,0.721,0.838,-7.579,0.0428,0.0447,0.749,0.0445,0.453,125.999,0.88,0.58,-10.144,0.0926,0.867,0.471,0.102,0.406,106.027
34,7,0.88,0.58,-10.144,0.0926,0.867,0.471,0.102,0.406,106.027,0.889,0.441,-9.506,0.0379,0.0405,0.000788,0.038,0.963,110.565
34,8,0.889,0.441,-9.506,0.0379,0.0405,0.000788,0.038,0.963,110.565,0.546,0.859,-5.966,0.0306,0.00223,0.000947,0.0529,0.645,99.965
34,9,0.546,0.859,-5.966,0.0306,0.00223,0.000947,0.0529,0.645,99.965,0.808,0.805,-3.392,0.103,0.00113,0.0585,0.193,0.886,107.965
34,10,0.808,0.805,-3.392,0.103,0.00113,0.0585,0.193,0.886,107.965,0.612,0.629,-15.219,0.0355,0.339,0.946,0.153,0.208,120.061
34,11,0.612,0.629,-15.219,0.0355,0.339,0.946,0.153,0.208,120.061,0.633,0.866,-7.166,0.0558,0.475,0.723,0.0955,0.0625,195.986
34,12,0.633,0.866,-7.166,0.0558,0.475,0.723,0.0955,0.0625,195.986,0.824,0.647,-8.861,0.0426,0.00412,0.86,0.14,0.699,124.042
33,1,0.348,0.405,-15.657,0.0417,0.528,0.701,0.202,0.284,89.697,0.604,0.549,-14.607,0.0346,0.487,0.904,0.105,0.375,119.989
33,2,0.604,0.549,-14.607,0.0346,0.487,0.904,0.105,0.375,119.989,0.625,0.499,-14.094,0.0742,0.483,0.87,0.305,0.783,88.223
33,3,0.625,0.499,-14.094,0.0742,0.483,0.87,0.305,0.783,88.223,0.723,0.235,-19.987,0.0449,0.621,0.852,0.0952,0.581,116.997
33,4,0.723,0.235,-19.987,0.0449,0.621,0.852,0.0952,0.581,116.997,0.916,0.557,-8.777,0.221,0.0524,0.816,0.133,0.617,122.029
33,5,0.916,0.557,-8.777,0.221,0.0524,0.816,0.133,0.617,122.029,0.615,0.877,-5.837,0.0335,0.0125,0.89,0.261,0.208,120.001
33,6,0.615,0.877,-5.837,0.0335,0.0125,0.89,0.261,0.208,120.001,0.694,0.569,-10.42,0.036,0.524,0.831,0.168,0.468,119.034
33,7,0.694,0.569,-10.42,0.036,0.524,0.831,0.168,0.468,119.034,0.841,0.783,-9.686,0.125,0.03,0.534,0.0311,0.746,121.097
33,8,0.841,0.783,-9.686,0.125,0.03,0.534,0.0311,0.746,121.097,0.75,0.936,-4.986,0.0437,0.483,0.484,0.118,0.774,119.511
33,9,0.75,0.936,-4.986,0.0437,0.483,0.484,0.118,0.774,119.511,0.843,0.774,-8.919,0.0574,0.00327,0.816,0.309,0.758,121.99
33,10,0.843,0.774,-8.919,0.0574,0.00327,0.816,0.309,0.758,121.99,0.722,0.585,-9.462,0.0434,0.00406,0.748,0.525,0.331,121.996
33,11,0.722,0.585,-9.462,0.0434,0.00406,0.748,0.525,0.331,121.996,0.769,0.409,-12.925,0.0462,0.05,0.834,0.402,0.151,123.004
33,12,0.769,0.409,-12.925,0.0462,0.05,0.834,0.402,0.151,123.004,0.771,0.862,-9.988,0.0352,0.000333,0.82,0.109,0.576,124.999
32,1,0.107,0.143,-26.875,0.0405,0.984,0.972,0.831,0.127,185.123,0.755,0.732,-10.38,0.0446,0.0387,0.866,0.106,0.331,121.001
32,2,0.755,0.732,-10.38,0.0446,0.0387,0.866,0.106,0.331,121.001,0.362,0.236,-11.081,0.0468,0.706,0.139,0.109,0.0434,88.421
32,3,0.362,0.236,-11.081,0.0468,0.706,0.139,0.109,0.0434,88.421,0.609,0.526,-9.445,0.0603,0.607,0.883,0.0675,0.173,140.026
32,4,0.609,0.526,-9.445,0.0603,0.607,0.883,0.0675,0.173,140.026,0.738,0.512,-12.924,0.0668,0.257,0.879,0.0824,0.0867,123.01
32,5,0.738,0.512,-12.924,0.0668,0.257,0.879,0.0824,0.0867,123.01,0.371,0.381,-11.14,0.0656,0.677,0.73,0.243,0.308,82.147
32,6,0.371,0.381,-11.14,0.0656,0.677,0.73,0.243,0.308,82.147,0.784,0.401,-12.335,0.0766,0.328,0.344,0.134,0.194,119.025
32,7,0.784,0.401,-12.335,0.0766,0.328,0.344,0.134,0.194,119.025,0.769,0.803,-8.463,0.14,0.0119,0.746,0.0972,0.732,119.999
32,8,0.769,0.803,-8.463,0.14,0.0119,0.746,0.0972,0.732,119.999,0.766,0.732,-9.415,0.0476,0.22,0.501,0.0346,0.814,116.991
32,9,0.766,0.732,-9.415,0.0476,0.22,0.501,0.0346,0.814,116.991,0.792,0.609,-8.478,0.135,0.0915,0.0886,0.238,0.685,124.014
32,10,0.792,0.609,-8.478,0.135,0.0915,0.0886,0.238,0.685,124.014,0.659,0.691,-9.419,0.0339,0.00049,0.936,0.0748,0.132,115.011
32,11,0.659,0.691,-9.419,0.0339,0.00049,0.936,0.0748,0.132,115.011,0.611,0.571,-9.441,0.0317,0.0195,0.815,0.0988,0.039,123.0
32,12,0.611,0.571,-9.441,0.0317,0.0195,0.815,0.0988,0.039,123.0,0.822,0.728,-7.04,0.0615,0.134,0.925,0.0954,0.286,121.994
31,1,0.401,0.431,-17.681,0.0417,0.779,0.886,0.115,0.193,158.878,0.811,0.56,-11.599,0.106,0.331,0.909,0.128,0.354,117.999
31,2,0.811,0.56,-11.599,0.106,0.331,0.909,0.128,0.354,117.999,0.541,0.673,-9.246,0.042,0.0551,0.148,0.123,0.219,108.98
31,3,0.541,0.673,-9.246,0.042,0.0551,0.148,0.123,0.219,108.98,0.608,0.736,-9.182,0.0476,0.0389,0.398,0.346,0.0391,126.028
31,4,0.608,0.736,-9.182,0.0476,0.0389,0.398,0.346,0.0391,126.028,0.864,0.429,-11.213,0.0704,0.155,0.549,0.0828,0.439,112.025
31,5,0.864,0.429,-11.213,0.0704,0.155,0.549,0.0828,0.439,112.025,0.65,0.418,-12.363,0.0451,0.467,0.000108,0.101,0.265,127.206
31,6,0.65,0.418,-12.363,0.0451,0.467,0.000108,0.101,0.265,127.206,0.836,0.586,-9.64,0.049,0.00878,0.859,0.0763,0.876,119.999
31,7,0.836,0.586,-9.64,0.049,0.00878,0.859,0.0763,0.876,119.999,0.722,0.759,-7.38,0.0599,0.335,0.0453,0.106,0.268,128.002
31,8,0.722,0.759,-7.38,0.0599,0.335,0.0453,0.106,0.268,128.002,0.877,0.69,-9.666,0.133,0.00998,0.825,0.0873,0.747,124.041
31,9,0.877,0.69,-9.666,0.133,0.00998,0.825,0.0873,0.747,124.041,0.64,0.658,-10.302,0.0601,0.00936,0.913,0.269,0.122,123.476
31,10,0.64,0.658,-10.302,0.0601,0.00936,0.913,0.269,0.122,123.476,0.768,0.569,-7.495,0.0618,0.446,0.624,0.0521,0.476,128.991
31,11,0.768,0.569,-7.495,0.0618,0.446,0.624,0.0521,0.476,128.991,0.682,0.63,-12.679,0.042,0.334,0.907,0.159,0.209,110.001
31,12,0.682,0.63,-12.679,0.042,0.334,0.907,0.159,0.209,110.001,0.824,0.818,-6.198,0.0463,0.0194,0.903,0.067,0.463,126.012
30,1,0.289,0.343,-16.387,0.0377,0.968,0.917,0.385,0.0675,90.074,0.774,0.504,-14.657,0.048,0.502,0.73,0.0931,0.161,116.014
30,2,0.774,0.504,-14.657,0.048,0.502,0.73,0.0931,0.161,116.014,0.617,0.439,-13.511,0.0375,0.481,0.928,0.916,0.0796,117.984
30,3,0.617,0.439,-13.511,0.0375,0.481,0.928,0.916,0.0796,117.984,0.34,0.683,-10.721,0.0438,0.848,0.932,0.151,0.169,124.993
30,4,0.34,0.683,-10.721,0.0438,0.848,0.932,0.151,0.169,124.993,0.875,0.386,-11.611,0.115,0.102,0.000353,0.1,0.581,107.012
30,5,0.875,0.386,-11.611,0.115,0.102,0.000353,0.1,0.581,107.012,0.706,0.64,-12.578,0.0416,0.103,0.923,0.0915,0.575,121.024
30,6,0.706,0.64,-12.578,0.0416,0.103,0.923,0.0915,0.575,121.024,0.818,0.411,-8.204,0.055,0.178,0.0526,0.1,0.794,119.012
30,7,0.818,0.411,-8.204,0.055,0.178,0.0526,0.1,0.794,119.012,0.759,0.538,-12.646,0.0566,0.00514,0.12,0.369,0.619,117.002
30,8,0.759,0.538,-12.646,0.0566,0.00514,0.12,0.369,0.619,117.002,0.905,0.723,-11.913,0.0624,0.000162,0.9,0.0414,0.963,118.003
30,9,0.905,0.723,-11.913,0.0624,0.000162,0.9,0.0414,0.963,118.003,0.67,0.939,-7.216,0.0418,0.0314,0.791,0.0841,0.388,122.012
30,10,0.67,0.939,-7.216,0.0418,0.0314,0.791,0.0841,0.388,122.012,0.53,0.727,-9.957,0.049,0.153,0.0464,0.0818,0.039,123.969
30,11,0.53,0.727,-9.957,0.049,0.153,0.0464,0.0818,0.039,123.969,0.692,0.712,-9.676,0.037,0.002,0.813,0.0876,0.13,122.01
30,12,0.692,0.712,-9.676,0.037,0.002,0.813,0.0876,0.13,122.01,0.756,0.723,-8.14,0.0624,0.474,0.933,0.113,0.128,119.991
29,1,0.52,0.304,-15.255,0.0284,0.816,0.366,0.0948,0.0392,103.981,0.34,0.439,-12.591,0.0371,0.354,0.954,0.232,0.0509,132.004
29,2,0.34,0.439,-12.591,0.0371,0.354,0.954,0.232,0.0509,132.004,0.331,0.502,-10.223,0.0351,0.142,0.914,0.1,0.336,107.018
29,3,0.331,0.502,-10.223,0.0351,0.142,0.914,0.1,0.336,107.018,0.518,0.439,-9.367,0.0295,0.77,0.891,0.11,0.283,93.003
29,4,0.518,0.439,-9.367,0.0295,0.77,0.891,0.11,0.283,93.003,0.632,0.559,-8.697,0.0382,0.237,0.43,0.0934,0.218,140.058
29,5,0.632,0.559,-8.697,0.0382,0.237,0.43,0.0934,0.218,140.058,0.523,0.452,-7.05,0.0337,0.39,0.0103,0.117,0.194,81.958
29,6,0.523,0.452,-7.05,0.0337,0.39,0.0103,0.117,0.194,81.958,0.768,0.429,-9.401,0.0955,0.875,0.419,0.115,0.415,104.026
29,7,0.768,0.429,-9.401,0.0955,0.875,0.419,0.115,0.415,104.026,0.876,0.758,-7.493,0.0829,0.0225,0.265,0.0274,0.91,118.014
29,8,0.876,0.758,-7.493,0.0829,0.0225,0.265,0.0274,0.91,118.014,0.583,0.603,-10.791,0.0286,0.169,0.843,0.11,0.482,150.076
29,9,0.583,0.603,-10.791,0.0286,0.169,0.843,0.11,0.482,150.076,0.515,0.877,-7.628,0.228,0.00169,0.603,0.511,0.558,173.964
29,10,0.515,0.877,-7.628,0.228,0.00169,0.603,0.511,0.558,173.964,0.533,0.839,-5.437,0.0567,0.699,0.000705,0.231,0.347,89.962
29,11,0.533,0.839,-5.437,0.0567,0.699,0.000705,0.231,0.347,89.962,0.583,0.626,-9.19,0.0567,0.651,0.287,0.112,0.0617,184.974
29,12,0.583,0.626,-9.19,0.0567,0.651,0.287,0.112,0.0617,184.974,0.734,0.796,-8.058,0.0891,0.232,0.347,0.0867,0.35,106.982
28,1,0.613,0.493,-14.337,0.027,0.914,0.906,0.0842,0.329,115.008,0.36,0.41,-16.215,0.0374,0.947,0.854,0.104,0.0352,89.904
28,2,0.36,0.41,-16.215,0.0374,0.947,0.854,0.104,0.0352,89.904,0.693,0.67,-8.863,0.0425,0.388,0.772,0.152,0.725,145.01
28,3,0.693,0.67,-8.863,0.0425,0.388,0.772,0.152,0.725,145.01,0.457,0.477,-9.323,0.102,0.281,0.000822,0.0914,0.627,144.855
28,4,0.457,0.477,-9.323,0.102,0.281,0.000822,0.0914,0.627,144.855,0.599,0.521,-16.298,0.0462,0.0941,0.862,0.121,0.192,119.975
28,5,0.599,0.521,-16.298,0.0462,0.0941,0.862,0.121,0.192,119.975,0.76,0.686,-6.161,0.0584,0.0674,0.192,0.171,0.555,129.984
28,6,0.76,0.686,-6.161,0.0584,0.0674,0.192,0.171,0.555,129.984,0.654,0.535,-13.87,0.0337,0.088,0.903,0.0784,0.0392,112.028
28,7,0.654,0.535,-13.87,0.0337,0.088,0.903,0.0784,0.0392,112.028,0.661,0.534,-12.794,0.1,0.613,0.877,0.126,0.189,120.007
28,8,0.661,0.534,-12.794,0.1,0.613,0.877,0.126,0.189,120.007,0.775,0.477,-9.351,0.0582,0.0288,0.53,0.0731,0.743,118.014
28,9,0.775,0.477,-9.351,0.0582,0.0288,0.53,0.0731,0.743,118.014,0.744,0.924,-7.633,0.0451,0.0107,0.893,0.411,0.401,117.981
28,10,0.744,0.924,-7.633,0.0451,0.0107,0.893,0.411,0.401,117.981,0.475,0.664,-8.303,0.0502,0.467,0.0819,0.117,0.0482,116.934
28,11,0.475,0.664,-8.303,0.0502,0.467,0.0819,0.117,0.0482,116.934,0.656,0.685,-9.618,0.0768,0.0384,0.916,0.0932,0.266,110.017
28,12,0.656,0.685,-9.618,0.0768,0.0384,0.916,0.0932,0.266,110.017,0.712,0.601,-8.968,0.062,1.09e-05,0.802,0.0982,0.513,124.912
27,1,0.234,0.0885,-31.94,0.0344,0.988,0.957,0.143,0.56,156.981,0.513,0.49,-15.725,0.0402,0.941,0.913,0.13,0.0398,170.043
27,2,0.513,0.49,-15.725,0.0402,0.941,0.913,0.13,0.0398,170.043,0.566,0.459,-17.352,0.0355,0.774,0.908,0.073,0.157,114.993
27,3,0.566,0.459,-17.352,0.0355,0.774,0.908,0.073,0.157,114.993,0.457,0.742,-7.78,0.11,0.0363,0.803,0.382,0.348,173.863
27,4,0.457,0.742,-7.78,0.11,0.0363,0.803,0.382,0.348,173.863,0.568,0.609,-8.23,0.0278,0.497,0.897,0.108,0.53,147.053
27,5,0.568,0.609,-8.23,0.0278,0.497,0.897,0.108,0.53,147.053,0.585,0.344,-11.884,0.0368,0.402,0.000434,0.0758,0.0624,78.728
27,6,0.585,0.344,-11.884,0.0368,0.402,0.000434,0.0758,0.0624,78.728,0.801,0.839,-7.82,0.0747,0.0832,0.872,0.115,0.366,121.997
27,7,0.801,0.839,-7.82,0.0747,0.0832,0.872,0.115,0.366,121.997,0.847,0.891,-8.812,0.0594,0.249,0.905,0.0979,0.436,116.981
27,8,0.847,0.891,-8.812,0.0594,0.249,0.905,0.0979,0.436,116.981,0.73,0.708,-8.41,0.046,0.00189,0.84,0.0899,0.172,123.016
27,9,0.73,0.708,-8.41,0.046,0.00189,0.84,0.0899,0.172,123.016,0.733,0.673,-8.891,0.0391,0.0332,0.807,0.119,0.298,120.028
27,10,0.733,0.673,-8.891,0.0391,0.0332,0.807,0.119,0.298,120.028,0.576,0.801,-6.498,0.0312,0.000223,0.0586,0.099,0.56,116.007
27,11,0.576,0.801,-6.498,0.0312,0.000223,0.0586,0.099,0.56,116.007,0.705,0.524,-9.167,0.0323,0.0628,0.813,0.0888,0.176,106.993
27,12,0.705,0.524,-9.167,0.0323,0.0628,0.813,0.0888,0.176,106.993,0.793,0.438,-11.723,0.0351,0.69,0.92,0.108,0.0412,121.024
26,1,0.36,0.231,-26.701,0.0336,0.995,0.921,0.0878,0.282,104.094,0.706,0.64,-12.578,0.0416,0.103,0.923,0.0915,0.575,121.024
26,2,0.706,0.64,-12.578,0.0416,0.103,0.923,0.0915,0.575,121.024,0.759,0.756,-8.145,0.266,0.0903,2.36e-06,0.265,0.613,87.059
26,3,0.759,0.756,-8.145,0.266,0.0903,2.36e-06,0.265,0.613,87.059,0.655,0.794,-5.872,0.25,0.082,0.0791,0.0457,0.667,187.007
26,4,0.655,0.794,-5.872,0.25,0.082,0.0791,0.0457,0.667,187.007,0.69,0.63,-13.105,0.0417,0.0563,0.866,0.111,0.293,124.983
26,5,0.69,0.63,-13.105,0.0417,0.0563,0.866,0.111,0.293,124.983,0.375,0.626,-6.475,0.0331,0.743,0.154,0.108,0.0657,79.966
26,6,0.375,0.626,-6.475,0.0331,0.743,0.154,0.108,0.0657,79.966,0.624,0.64,-11.273,0.0417,0.155,0.883,0.0653,0.394,117.989
26,7,0.624,0.64,-11.273,0.0417,0.155,0.883,0.0653,0.394,117.989,0.865,0.686,-9.066,0.0793,0.0369,0.24,0.0813,0.341,120.508
26,8,0.865,0.686,-9.066,0.0793,0.0369,0.24,0.0813,0.341,120.508,0.655,0.689,-11.808,0.0483,0.00423,0.894,0.0663,0.154,124.006
26,9,0.655,0.689,-11.808,0.0483,0.00423,0.894,0.0663,0.154,124.006,0.793,0.48,-12.183,0.0829,0.0295,0.138,0.469,0.248,122.03
26,10,0.793,0.48,-12.183,0.0829,0.0295,0.138,0.469,0.248,122.03,0.79,0.653,-9.107,0.0366,0.392,0.456,0.0878,0.393,119.999
26,11,0.79,0.653,-9.107,0.0366,0.392,0.456,0.0878,0.393,119.999,0.703,0.535,-7.111,0.0342,0.000375,0.542,0.0635,0.504,114.994
26,12,0.703,0.535,-7.111,0.0342,0.000375,0.542,0.0635,0.504,114.994,0.799,0.415,-12.693,0.0544,0.000137,0.894,0.0985,0.638,123.016
25,1,0.36,0.231,-26.701,0.0336,0.995,0.921,0.0878,0.282,104.094,0.706,0.64,-12.578,0.0416,0.103,0.923,0.0915,0.575,121.024
25,2,0.706,0.64,-12.578,0.0416,0.103,0.923,0.0915,0.575,121.024,0.749,0.693,-9.252,0.291,0.282,0.793,0.199,0.553,174.143
25,3,0.749,0.693,-9.252,0.291,0.282,0.793,0.199,0.553,174.143,0.655,0.794,-5.872,0.25,0.082,0.0791,0.0457,0.667,187.007
25,4,0.655,0.794,-5.872,0.25,0.082,0.0791,0.0457,0.667,187.007,0.69,0.63,-13.105,0.0417,0.0563,0.866,0.111,0.293,124.983
25,5,0.69,0.63,-13.105,0.0417,0.0563,0.866,0.111,0.293,124.983,0.375,0.626,-6.475,0.0331,0.743,0.154,0.108,0.0657,79.966
25,6,0.375,0.626,-6.475,0.0331,0.743,0.154,0.108,0.0657,79.966,0.624,0.64,-11.273,0.0417,0.155,0.883,0.0653,0.394,117.989
25,7,0.624,0.64,-11.273,0.0417,0.155,0.883,0.0653,0.394,117.989,0.865,0.686,-9.066,0.0793,0.0369,0.24,0.0813,0.341,120.508
25,8,0.865,0.686,-9.066,0.0793,0.0369,0.24,0.0813,0.341,120.508,0.717,0.726,-8.611,0.0927,0.00795,0.863,0.0849,0.538,123.01
25,9,0.717,0.726,-8.611,0.0927,0.00795,0.863,0.0849,0.538,123.01,0.793,0.48,-12.183,0.0829,0.0295,0.138,0.469,0.248,122.03
25,10,0.793,0.48,-12.183,0.0829,0.0295,0.138,0.469,0.248,122.03,0.79,0.653,-9.107,0.0366,0.392,0.456,0.0878,0.393,119.999
25,11,0.79,0.653,-9.107,0.0366,0.392,0.456,0.0878,0.393,119.999,0.703,0.535,-7.111,0.0342,0.000375,0.542,0.0635,0.504,114.994
25,12,0.703,0.535,-7.111,0.0342,0.000375,0.542,0.0635,0.504,114.994,0.799,0.415,-12.693,0.0544,0.000137,0.894,0.0985,0.638,123.016
24,1,0.221,0.0879,-16.996,0.0381,0.155,0.698,0.0869,0.0401,126.622,0.16,0.335,-12.056,0.05,0.596,0.774,0.325,0.067,73.728
24,2,0.16,0.335,-12.056,0.05,0.596,0.774,0.325,0.067,73.728,0.674,0.561,-11.306,0.0372,0.374,0.845,0.0874,0.837,128.027
24,3,0.674,0.561,-11.306,0.0372,0.374,0.845,0.0874,0.837,128.027,0.518,0.542,-7.496,0.0514,0.726,0.0518,0.334,0.0988,91.047
24,4,0.518,0.542,-7.496,0.0514,0.726,0.0518,0.334,0.0988,91.047,0.643,0.632,-11.195,0.0335,0.0288,0.926,0.133,0.255,118.002
24,5,0.643,0.632,-11.195,0.0335,0.0288,0.926,0.133,0.255,118.002,0.701,0.389,-13.299,0.049,0.358,0.873,0.11,0.259,119.997
24,6,0.701,0.389,-13.299,0.049,0.358,0.873,0.11,0.259,119.997,0.739,0.522,-12.527,0.0681,0.0996,0.87,0.108,0.325,120.019
24,7,0.739,0.522,-12.527,0.0681,0.0996,0.87,0.108,0.325,120.019,0.745,0.747,-10.008,0.0517,0.153,0.0495,0.143,0.759,98.003
24,8,0.745,0.747,-10.008,0.0517,0.153,0.0495,0.143,0.759,98.003,0.566,0.757,-8.37,0.0355,0.328,0.84,0.396,0.403,102.016
24,9,0.566,0.757,-8.37,0.0355,0.328,0.84,0.396,0.403,102.016,0.599,0.811,-7.233,0.0414,0.00319,0.00345,0.365,0.17,94.984
24,10,0.599,0.811,-7.233,0.0414,0.00319,0.00345,0.365,0.17,94.984,0.629,0.686,-8.826,0.035,0.366,0.878,0.232,0.535,115.02
24,11,0.629,0.686,-8.826,0.035,0.366,0.878,0.232,0.535,115.02,0.826,0.72,-9.582,0.119,0.103,0.773,0.11,0.287,127.011
24,12,0.826,0.72,-9.582,0.119,0.103,0.773,0.11,0.287,127.011,0.371,0.381,-11.14,0.0656,0.677,0.73,0.243,0.308,82.147
23,1,0.181,0.0863,-21.685,0.0374,0.956,0.95,0.0929,0.0337,70.907,0.366,0.336,-17.407,0.0367,0.968,0.934,0.0891,0.0542,140.037
23,2,0.366,0.336,-17.407,0.0367,0.968,0.934,0.0891,0.0542,140.037,0.16,0.335,-12.056,0.05,0.596,0.774,0.325,0.067,73.728
23,3,0.16,0.335,-12.056,0.05,0.596,0.774,0.325,0.067,73.728,0.69,0.615,-9.753,0.0457,0.0306,0.562,0.0744,0.529,107.938
23,4,0.69,0.615,-9.753,0.0457,0.0306,0.562,0.0744,0.529,107.938,0.712,0.601,-8.968,0.062,1.09e-05,0.802,0.0982,0.513,124.912
23,5,0.712,0.601,-8.968,0.062,1.09e-05,0.802,0.0982,0.513,124.912,0.725,0.621,-8.569,0.0408,0.0109,0.846,0.116,0.544,112.0
23,6,0.725,0.621,-8.569,0.0408,0.0109,0.846,0.116,0.544,112.0,0.562,0.555,-10.461,0.0319,0.461,0.533,0.129,0.118,93.979
23,7,0.562,0.555,-10.461,0.0319,0.461,0.533,0.129,0.118,93.979,0.676,0.691,-9.765,0.0341,0.0323,0.438,0.128,0.102,120.985
23,8,0.676,0.691,-9.765,0.0341,0.0323,0.438,0.128,0.102,120.985,0.673,0.574,-9.329,0.0497,0.0866,0.518,0.124,0.206,122.047
23,9,0.673,0.574,-9.329,0.0497,0.0866,0.518,0.124,0.206,122.047,0.784,0.664,-8.858,0.0432,0.000446,0.87,0.18,0.461,122.009
23,10,0.784,0.664,-8.858,0.0432,0.000446,0.87,0.18,0.461,122.009,0.663,0.415,-11.633,0.0366,0.116,0.885,0.133,0.167,122.001
23,11,0.663,0.415,-11.633,0.0366,0.116,0.885,0.133,0.167,122.001,0.541,0.712,-10.017,0.0351,0.321,0.899,0.0962,0.0371,118.017
23,12,0.541,0.712,-10.017,0.0351,0.321,0.899,0.0962,0.0371,118.017,0.651,0.8,-3.255,0.0293,0.183,0.000517,0.0786,0.234,124.035
22,1,0.171,0.287,-10.712,0.0373,0.123,0.782,0.116,0.0362,115.256,0.656,0.337,-14.512,0.0405,0.0392,0.122,0.13,0.156,119.027
22,2,0.656,0.337,-14.512,0.0405,0.0392,0.122,0.13,0.156,119.027,0.784,0.268,-13.594,0.0534,0.0598,0.771,0.28,0.18,120.02
22,3,0.784,0.268,-13.594,0.0534,0.0598,0.771,0.28,0.18,120.02,0.343,0.232,-13.074,0.0311,0.573,0.89,0.0808,0.0377,60.125
22,4,0.343,0.232,-13.074,0.0311,0.573,0.89,0.0808,0.0377,60.125,0.75,0.755,-9.044,0.051,0.039,0.906,0.203,0.73,121.994
22,5,0.75,0.755,-9.044,0.051,0.039,0.906,0.203,0.73,121.994,0.805,0.827,-8.661,0.036,0.0407,0.86,0.213,0.943,120.005
22,6,0.805,0.827,-8.661,0.036,0.0407,0.86,0.213,0.943,120.005,0.873,0.658,-9.916,0.0457,0.00405,0.676,0.0548,0.689,121.595
22,7,0.873,0.658,-9.916,0.0457,0.00405,0.676,0.0548,0.689,121.595,0.848,0.582,-7.835,0.162,0.109,0.466,0.154,0.33,120.993
22,8,0.848,0.582,-7.835,0.162,0.109,0.466,0.154,0.33,120.993,0.853,0.577,-9.633,0.0561,0.000324,0.887,0.0715,0.387,121.003
22,9,0.853,0.577,-9.633,0.0561,0.000324,0.887,0.0715,0.387,121.003,0.72,0.797,-8.354,0.0728,0.00167,0.466,0.424,0.423,119.981
22,10,0.72,0.797,-8.354,0.0728,0.00167,0.466,0.424,0.423,119.981,0.813,0.378,-10.542,0.0516,0.00186,0.0591,0.0861,0.443,122.014
22,11,0.813,0.378,-10.542,0.0516,0.00186,0.0591,0.0861,0.443,122.014,0.692,0.712,-9.676,0.037,0.002,0.813,0.0876,0.13,122.01
22,12,0.692,0.712,-9.676,0.037,0.002,0.813,0.0876,0.13,122.01,0.681,0.553,-12.027,0.0401,0.000779,0.611,0.336,0.0888,124.01
21,1,0.15,0.256,-16.414,0.0438,0.743,0.92,0.333,0.0319,106.007,0.755,0.731,-10.517,0.0412,0.00523,0.854,0.216,0.614,118.002
21,2,0.755,0.731,-10.517,0.0412,0.00523,0.854,0.216,0.614,118.002,0.714,0.565,-12.149,0.0589,0.767,0.923,0.131,0.282,97.991
21,3,0.714,0.565,-12.149,0.0589,0.767,0.923,0.131,0.282,97.991,0.65,0.451,-12.899,0.037,0.186,0.827,0.134,0.704,82.739
21,4,0.65,0.451,-12.899,0.037,0.186,0.827,0.134,0.704,82.739,0.701,0.692,-9.459,0.0888,0.354,0.669,0.09,0.443,118.027
21,5,0.701,0.692,-9.459,0.0888,0.354,0.669,0.09,0.443,118.027,0.793,0.644,-12.312,0.0457,0.00957,0.37,0.305,0.518,121.019
21,6,0.793,0.644,-12.312,0.0457,0.00957,0.37,0.305,0.518,121.019,0.84,0.923,-6.951,0.0587,0.0125,0.607,0.101,0.922,122.014
21,7,0.84,0.923,-6.951,0.0587,0.0125,0.607,0.101,0.922,122.014,0.805,0.855,-6.636,0.108,0.0475,0.0158,0.0747,0.154,116.967
21,8,0.805,0.855,-6.636,0.108,0.0475,0.0158,0.0747,0.154,116.967,0.86,0.755,-9.384,0.0779,0.00104,0.724,0.12,0.0813,124.012
21,9,0.86,0.755,-9.384,0.0779,0.00104,0.724,0.12,0.0813,124.012,0.821,0.467,-10.402,0.0526,0.297,0.713,0.125,0.385,123.003
21,10,0.821,0.467,-10.402,0.0526,0.297,0.713,0.125,0.385,123.003,0.721,0.838,-7.579,0.0428,0.0447,0.749,0.0445,0.453,125.999
21,11,0.721,0.838,-7.579,0.0428,0.0447,0.749,0.0445,0.453,125.999,0.844,0.353,-18.775,0.0737,0.201,0.833,0.0991,0.0618,119.997
21,12,0.844,0.353,-18.775,0.0737,0.201,0.833,0.0991,0.0618,119.997,0.71,0.632,-8.157,0.0445,0.000192,0.847,0.0803,0.0423,120.014
20,1,0.429,0.00983,-37.724,0.0396,0.962,0.846,0.115,0.18,170.784,0.405,0.211,-12.976,0.045,0.681,3.72e-05,0.62,0.216,109.298
20,2,0.405,0.211,-12.976,0.045,0.681,3.72e-05,0.62,0.216,109.298,0.774,0.244,-9.748,0.0299,0.72,0.915,0.379,0.421,103.464
20,3,0.774,0.244,-9.748,0.0299,0.72,0.915,0.379,0.421,103.464,0.735,0.641,-11.343,0.0959,0.00135,0.89,0.228,0.481,113.402
20,4,0.735,0.641,-11.343,0.0959,0.00135,0.89,0.228,0.481,113.402,0.768,0.939,-7.23,0.044,0.0352,0.0373,0.0552,0.96,124.339
20,5,0.768,0.939,-7.23,0.044,0.0352,0.0373,0.0552,0.96,124.339,0.759,0.538,-12.646,0.0566,0.00514,0.12,0.369,0.619,117.002
20,6,0.759,0.538,-12.646,0.0566,0.00514,0.12,0.369,0.619,117.002,0.731,0.674,-8.281,0.0447,0.0501,0.869,0.176,0.765,120.015
20,7,0.731,0.674,-8.281,0.0447,0.0501,0.869,0.176,0.765,120.015,0.664,0.501,-11.956,0.0311,0.0743,0.912,0.0835,0.273,117.99
20,8,0.664,0.501,-11.956,0.0311,0.0743,0.912,0.0835,0.273,117.99,0.865,0.686,-9.066,0.0793,0.0369,0.24,0.0813,0.341,120.508
20,9,0.865,0.686,-9.066,0.0793,0.0369,0.24,0.0813,0.341,120.508,0.577,0.796,-5.559,0.0798,0.126,3.81e-05,0.168,0.377,119.036
20,10,0.577,0.796,-5.559,0.0798,0.126,3.81e-05,0.168,0.377,119.036,0.704,0.787,-9.395,0.0468,0.202,0.942,0.104,0.617,117.01
20,11,0.704,0.787,-9.395,0.0468,0.202,0.942,0.104,0.617,117.01,0.746,0.676,-6.293,0.0416,0.0595,0.000326,0.067,0.466,121.017
20,12,0.746,0.676,-6.293,0.0416,0.0595,0.000326,0.067,0.466,121.017,0.842,0.525,-8.714,0.0713,0.000658,0.916,0.0264,0.571,119.994
19,1,0.244,0.0364,-29.88,0.0299,0.994,0.962,0.113,0.297,95.386,0.655,0.57,-11.348,0.0463,0.79,0.0017,0.184,0.377,119.93
19,2,0.655,0.57,-11.348,0.0463,0.79,0.0017,0.184,0.377,119.93,0.535,0.865,-7.366,0.0418,0.032,0.734,0.296,0.192,83.994
19,3,0.535,0.865,-7.366,0.0418,0.032,0.734,0.296,0.192,83.994,0.586,0.849,-5.264,0.045,0.41,0.0141,0.0893,0.694,109.999
19,4,0.586,0.849,-5.264,0.045,0.41,0.0141,0.0893,0.694,109.999,0.668,0.949,-7.919,0.0868,0.00626,0.518,0.164,0.369,117.002
19,5,0.668,0.949,-7.919,0.0868,0.00626,0.518,0.164,0.369,117.002,0.772,0.65,-7.449,0.0341,0.00474,0.73,0.146,0.196,120.015
19,6,0.772,0.65,-7.449,0.0341,0.00474,0.73,0.146,0.196,120.015,0.598,0.893,-3.072,0.0319,0.0714,0.0159,0.146,0.485,120.972
19,7,0.598,0.893,-3.072,0.0319,0.0714,0.0159,0.146,0.485,120.972,0.792,0.737,-10.288,0.0513,0.0356,0.93,0.0804,0.492,122.977
19,8,0.792,0.737,-10.288,0.0513,0.0356,0.93,0.0804,0.492,122.977,0.634,0.858,-11.661,0.0417,0.0125,0.84,0.0984,0.237,123.991
19,9,0.634,0.858,-11.661,0.0417,0.0125,0.84,0.0984,0.237,123.991,0.821,0.467,-10.402,0.0526,0.297,0.713,0.125,0.385,123.003
19,10,0.821,0.467,-10.402,0.0526,0.297,0.713,0.125,0.385,123.003,0.595,0.84,-5.817,0.0399,0.0188,0.921,0.0602,0.462,122.003
19,11,0.595,0.84,-5.817,0.0399,0.0188,0.921,0.0602,0.462,122.003,0.755,0.607,-8.473,0.0351,0.0976,0.877,0.127,0.158,119.008
19,12,0.755,0.607,-8.473,0.0351,0.0976,0.877,0.127,0.158,119.008,0.713,0.506,-11.252,0.0435,0.0288,0.882,0.123,0.185,123.033
18,1,0.581,0.922,-7.226,0.0411,0.0309,0.896,0.0589,0.266,106.018,0.621,0.3,-9.135,0.056,0.765,0.00598,0.11,0.369,81.098
18,2,0.621,0.3,-9.135,0.056,0.765,0.00598,0.11,0.369,81.098,0.556,0.897,-7.465,0.0361,0.636,0.876,0.102,0.277,106.818
18,3,0.556,0.897,-7.465,0.0361,0.636,0.876,0.102,0.277,106.818,0.812,0.491,-15.422,0.0515,0.00152,0.554,0.0682,0.946,120.044
18,4,0.812,0.491,-15.422,0.0515,0.00152,0.554,0.0682,0.946,120.044,0.698,0.359,-11.219,0.0329,0.0691,0.101,0.0903,0.0394,115.023
18,5,0.698,0.359,-11.219,0.0329,0.0691,0.101,0.0903,0.0394,115.023,0.683,0.673,-9.593,0.0365,0.283,0.422,0.152,0.81,172.092
18,6,0.683,0.673,-9.593,0.0365,0.283,0.422,0.152,0.81,172.092,0.762,0.536,-12.549,0.0787,0.0295,0.706,0.0749,0.133,100.019
18,7,0.762,0.536,-12.549,0.0787,0.0295,0.706,0.0749,0.133,100.019,0.807,0.583,-10.547,0.0552,0.0343,0.877,0.433,0.0984,124.0
18,8,0.807,0.583,-10.547,0.0552,0.0343,0.877,0.433,0.0984,124.0,0.67,0.572,-14.848,0.0427,0.0845,0.927,0.112,0.11,119.007
18,9,0.67,0.572,-14.848,0.0427,0.0845,0.927,0.112,0.11,119.007,0.765,0.541,-10.871,0.15,0.0617,0.661,0.108,0.531,120.01
18,10,0.765,0.541,-10.871,0.15,0.0617,0.661,0.108,0.531,120.01,0.741,0.588,-10.487,0.0476,0.71,0.0684,0.0968,0.26,114.032
18,11,0.741,0.588,-10.487,0.0476,0.71,0.0684,0.0968,0.26,114.032,0.792,0.737,-10.288,0.0513,0.0356,0.93,0.0804,0.492,122.977
18,12,0.792,0.737,-10.288,0.0513,0.0356,0.93,0.0804,0.492,122.977,0.825,0.561,-7.67,0.0489,0.0608,0.803,0.159,0.559,121.993
17,1,0.278,0.0848,-18.807,0.0315,0.985,0.752,0.11,0.0438,77.244,0.587,0.0877,-23.077,0.0428,0.952,0.931,0.115,0.0922,159.801
17,2,0.587,0.0877,-23.077,0.0428,0.952,0.931,0.115,0.0922,159.801,0.136,0.507,-10.172,0.0334,0.199,0.782,0.225,0.063,144.121
17,3,0.136,0.507,-10.172,0.0334,0.199,0.782,0.225,0.063,144.121,0.714,0.728,-11.477,0.0378,0.356,0.923,0.0458,0.963,125.036
17,4,0.714,0.728,-11.477,0.0378,0.356,0.923,0.0458,0.963,125.036,0.526,0.787,-8.596,0.0291,0.066,0.897,0.173,0.219,101.989
17,5,0.526,0.787,-8.596,0.0291,0.066,0.897,0.173,0.219,101.989,0.634,0.494,-11.373,0.0303,0.0551,0.877,0.117,0.279,160.0
17,6,0.634,0.494,-11.373,0.0303,0.0551,0.877,0.117,0.279,160.0,0.597,0.812,-10.403,0.0426,0.0014,0.924,0.0872,0.326,120.996
17,7,0.597,0.812,-10.403,0.0426,0.0014,0.924,0.0872,0.326,120.996,0.646,0.485,-8.324,0.0343,0.117,0.00373,0.184,0.0855,122.007
17,8,0.646,0.485,-8.324,0.0343,0.117,0.00373,0.184,0.0855,122.007,0.705,0.823,-8.653,0.0467,0.0577,0.904,0.087,0.451,112.0
17,9,0.705,0.823,-8.653,0.0467,0.0577,0.904,0.087,0.451,112.0,0.67,0.572,-14.848,0.0427,0.0845,0.927,0.112,0.11,119.007
17,10,0.67,0.572,-14.848,0.0427,0.0845,0.927,0.112,0.11,119.007,0.69,0.63,-13.105,0.0417,0.0563,0.866,0.111,0.293,124.983
17,11,0.69,0.63,-13.105,0.0417,0.0563,0.866,0.111,0.293,124.983,0.572,0.847,-9.255,0.0413,7.47e-05,0.855,0.108,0.285,123.002
17,12,0.572,0.847,-9.255,0.0413,7.47e-05,0.855,0.108,0.285,123.002,0.727,0.39,-11.856,0.0384,0.0283,0.871,0.0793,0.0894,124.017
16,1,0.535,0.009,-23.041,0.096,0.994,0.978,0.112,0.524,131.281,0.519,0.274,-14.55,0.0359,0.938,0.925,0.101,0.0383,119.985
16,2,0.519,0.274,-14.55,0.0359,0.938,0.925,0.101,0.0383,119.985,0.445,0.0435,-14.281,0.0527,0.769,0.000728,0.128,0.362,106.787
16,3,0.445,0.0435,-14.281,0.0527,0.769,0.000728,0.128,0.362,106.787,0.618,0.803,-8.078,0.0467,0.342,0.855,0.546,0.038,124.116
16,4,0.618,0.803,-8.078,0.0467,0.342,0.855,0.546,0.038,124.116,0.208,0.241,-11.178,0.0342,0.781,0.466,0.356,0.0586,96.92
16,5,0.208,0.241,-11.178,0.0342,0.781,0.466,0.356,0.0586,96.92,0.853,0.405,-11.628,0.0484,0.578,0.858,0.093,0.0758,122.007
16,6,0.853,0.405,-11.628,0.0484,0.578,0.858,0.093,0.0758,122.007,0.293,0.462,-11.412,0.0453,0.699,0.0444,0.0954,0.0623,124.004
16,7,0.293,0.462,-11.412,0.0453,0.699,0.0444,0.0954,0.0623,124.004,0.659,0.277,-14.183,0.0463,0.842,0.0497,0.122,0.133,89.992
16,8,0.659,0.277,-14.183,0.0463,0.842,0.0497,0.122,0.133,89.992,0.606,0.703,-6.944,0.0497,0.0762,0.206,0.113,0.593,136.904
16,9,0.606,0.703,-6.944,0.0497,0.0762,0.206,0.113,0.593,136.904,0.674,0.593,-11.489,0.0356,0.0163,0.838,0.103,0.361,125.977
16,10,0.674,0.593,-11.489,0.0356,0.0163,0.838,0.103,0.361,125.977,0.752,0.68,-8.483,0.0494,0.0012,0.949,0.335,0.529,120.041
16,11,0.752,0.68,-8.483,0.0494,0.0012,0.949,0.335,0.529,120.041,0.789,0.538,-13.052,0.0554,0.0811,0.796,0.0787,0.353,118.016
16,12,0.789,0.538,-13.052,0.0554,0.0811,0.796,0.0787,0.353,118.016,0.616,0.527,-10.471,0.0272,0.0667,0.879,0.0978,0.145,122.01
15,1,0.327,0.142,-24.009,0.0366,0.962,0.785,0.117,0.0608,182.015,0.191,0.263,-18.456,0.0316,0.975,0.868,0.136,0.0668,89.702
15,2,0.191,0.263,-18.456,0.0316,0.975,0.868,0.136,0.0668,89.702,0.601,0.475,-12.841,0.0356,0.573,0.845,0.299,0.0361,109.983
15,3,0.601,0.475,-12.841,0.0356,0.573,0.845,0.299,0.0361,109.983,0.614,0.88,-12.223,0.0419,0.0565,0.72,0.107,0.037,122.987
15,4,0.614,0.88,-12.223,0.0419,0.0565,0.72,0.107,0.037,122.987,0.379,0.584,-13.982,0.156,0.779,0.854,0.0978,0.124,99.057
15,5,0.379,0.584,-13.982,0.156,0.779,0.854,0.0978,0.124,99.057,0.402,0.34,-17.392,0.0376,0.226,0.867,0.113,0.0374,111.895
15,6,0.402,0.34,-17.392,0.0376,0.226,0.867,0.113,0.0374,111.895,0.475,0.603,-11.517,0.0387,0.549,0.246,0.336,0.26,164.925
15,7,0.475,0.603,-11.517,0.0387,0.549,0.246,0.336,0.26,164.925,0.878,0.482,-11.166,0.0483,0.00132,0.578,0.0701,0.297,123.023
15,8,0.878,0.482,-11.166,0.0483,0.00132,0.578,0.0701,0.297,123.023,0.853,0.798,-7.995,0.068,0.0158,0.948,0.0967,0.42,129.983
15,9,0.853,0.798,-7.995,0.068,0.0158,0.948,0.0967,0.42,129.983,0.572,0.962,-4.839,0.108,0.194,0.00817,0.0832,0.585,115.04
15,10,0.572,0.962,-4.839,0.108,0.194,0.00817,0.0832,0.585,115.04,0.515,0.877,-7.628,0.228,0.00169,0.603,0.511,0.558,173.964
15,11,0.515,0.877,-7.628,0.228,0.00169,0.603,0.511,0.558,173.964,0.453,0.761,-6.179,0.114,0.00343,0.0,0.38,0.346,109.797
15,12,0.453,0.761,-6.179,0.114,0.00343,0.0,0.38,0.346,109.797,0.699,0.543,-9.128,0.0443,0.0142,0.873,0.0763,0.952,123.985
14,1,0.296,0.172,-27.908,0.0365,0.987,0.843,0.123,0.0773,74.613,0.455,0.307,-16.585,0.0309,0.895,0.932,0.0818,0.0365,108.105
14,2,0.455,0.307,-16.585,0.0309,0.895,0.932,0.0818,0.0365,108.105,0.551,0.0624,-26.048,0.0438,0.994,0.93,0.104,0.459,114.867
14,3,0.551,0.0624,-26.048,0.0438,0.994,0.93,0.104,0.459,114.867,0.547,0.725,-6.798,0.029,0.192,0.86,0.0987,0.0976,139.975
14,4,0.547,0.725,-6.798,0.029,0.192,0.86,0.0987,0.0976,139.975,0.647,0.464,-13.481,0.0566,0.713,0.679,0.11,0.157,120.012
14,5,0.647,0.464,-13.481,0.0566,0.713,0.679,0.11,0.157,120.012,0.553,0.364,-14.286,0.0375,0.301,0.0406,0.133,0.521,89.1
14,6,0.553,0.364,-14.286,0.0375,0.301,0.0406,0.133,0.521,89.1,0.922,0.701,-6.679,0.0868,0.0128,0.000822,0.0941,0.54,101.996
14,7,0.922,0.701,-6.679,0.0868,0.0128,0.000822,0.0941,0.54,101.996,0.714,0.917,-9.285,0.0427,0.000385,0.912,0.175,0.91,128.997
14,8,0.714,0.917,-9.285,0.0427,0.000385,0.912,0.175,0.91,128.997,0.75,0.682,-8.839,0.0558,0.0121,0.863,0.116,0.695,124.003
14,9,0.75,0.682,-8.839,0.0558,0.0121,0.863,0.116,0.695,124.003,0.694,0.241,-15.091,0.484,0.695,0.044,0.0906,0.134,109.943
14,10,0.694,0.241,-15.091,0.484,0.695,0.044,0.0906,0.134,109.943,0.786,0.551,-11.21,0.0478,0.00116,0.837,0.0604,0.0964,124.996
14,11,0.786,0.551,-11.21,0.0478,0.00116,0.837,0.0604,0.0964,124.996,0.629,0.852,-5.108,0.0521,0.0854,0.0214,0.305,0.408,104.983
14,12,0.629,0.852,-5.108,0.0521,0.0854,0.0214,0.305,0.408,104.983,0.281,0.737,-11.535,0.0376,2.72e-05,0.653,0.478,0.0513,123.875
13,1,0.208,0.0823,-26.021,0.035,0.915,0.905,0.107,0.115,65.65,0.641,0.329,-10.337,0.0625,0.809,0.835,0.105,0.0608,122.95
13,2,0.641,0.329,-10.337,0.0625,0.809,0.835,0.105,0.0608,122.95,0.326,0.122,-18.334,0.0919,0.718,0.743,0.0836,0.0535,132.338
13,3,0.326,0.122,-18.334,0.0919,0.718,0.743,0.0836,0.0535,132.338,0.472,0.304,-19.755,0.0323,0.855,0.903,0.0993,0.317,183.892
13,4,0.472,0.304,-19.755,0.0323,0.855,0.903,0.0993,0.317,183.892,0.559,0.729,-10.568,0.0416,0.132,0.892,0.214,0.121,134.995
13,5,0.559,0.729,-10.568,0.0416,0.132,0.892,0.214,0.121,134.995,0.545,0.944,-6.722,0.051,0.00983,3.47e-05,0.104,0.465,94.019
13,6,0.545,0.944,-6.722,0.051,0.00983,3.47e-05,0.104,0.465,94.019,0.616,0.488,-16.255,0.038,0.44,0.922,0.406,0.152,116.999
13,7,0.616,0.488,-16.255,0.038,0.44,0.922,0.406,0.152,116.999,0.653,0.273,-16.09,0.0325,0.203,0.898,0.108,0.124,86.494
13,8,0.653,0.273,-16.09,0.0325,0.203,0.898,0.108,0.124,86.494,0.33,0.478,-7.536,0.0376,0.177,0.000692,0.136,0.0615,89.598
13,9,0.33,0.478,-7.536,0.0376,0.177,0.000692,0.136,0.0615,89.598,0.759,0.586,-13.461,0.056,0.0333,0.00312,0.0743,0.948,154.624
13,10,0.759,0.586,-13.461,0.056,0.0333,0.00312,0.0743,0.948,154.624,0.639,0.637,-11.318,0.0368,0.0289,0.808,0.0841,0.347,122.005
13,11,0.639,0.637,-11.318,0.0368,0.0289,0.808,0.0841,0.347,122.005,0.747,0.668,-8.844,0.0505,0.314,0.934,0.0522,0.679,123.006
13,12,0.747,0.668,-8.844,0.0505,0.314,0.934,0.0522,0.679,123.006,0.526,0.621,-12.256,0.0314,0.35,0.889,0.231,0.0593,121.986
12,1,0.132,0.1,-15.6,0.0427,0.781,0.922,0.0889,0.0318,173.164,0.188,0.513,-13.948,0.195,0.0731,0.0773,0.239,0.176,62.725
12,2,0.188,0.513,-13.948,0.195,0.0731,0.0773,0.239,0.176,62.725,0.614,0.427,-14.391,0.0489,0.147,0.901,0.114,0.0318,115.055
12,3,0.614,0.427,-14.391,0.0489,0.147,0.901,0.114,0.0318,115.055,0.866,0.342,-8.42,0.0527,0.786,0.231,0.178,0.115,125.426
12,4,0.866,0.342,-8.42,0.0527,0.786,0.231,0.178,0.115,125.426,0.182,0.849,-9.809,0.0381,0.00637,0.942,0.304,0.223,165.928
12,5,0.182,0.849,-9.809,0.0381,0.00637,0.942,0.304,0.223,165.928,0.838,0.714,-5.471,0.174,0.667,0.841,0.0673,0.368,128.985
12,6,0.838,0.714,-5.471,0.174,0.667,0.841,0.0673,0.368,128.985,0.948,0.419,-13.043,0.058,0.779,0.916,0.121,0.363,113.235
12,7,0.948,0.419,-13.043,0.058,0.779,0.916,0.121,0.363,113.235,0.479,0.416,-11.451,0.124,0.457,1.72e-05,0.118,0.514,79.593
12,8,0.479,0.416,-11.451,0.124,0.457,1.72e-05,0.118,0.514,79.593,0.64,0.844,-8.412,0.0374,0.395,0.933,0.0827,0.364,119.042
12,9,0.64,0.844,-8.412,0.0374,0.395,0.933,0.0827,0.364,119.042,0.68,0.849,-5.295,0.0444,0.00746,0.0694,0.108,0.806,106.486
12,10,0.68,0.849,-5.295,0.0444,0.00746,0.0694,0.108,0.806,106.486,0.582,0.408,-8.89,0.0425,0.62,0.0814,0.0856,0.0568,100.052
12,11,0.582,0.408,-8.89,0.0425,0.62,0.0814,0.0856,0.0568,100.052,0.547,0.756,-6.406,0.0433,0.00372,0.0416,0.549,0.0777,106.98
12,12,0.547,0.756,-6.406,0.0433,0.00372,0.0416,0.549,0.0777,106.98,0.656,0.689,-6.067,0.0564,0.0103,0.0129,0.11,0.394,119.976
11,1,0.138,0.062,-17.44,0.037,0.976,0.92,0.101,0.0288,90.727,0.302,0.582,-14.035,0.0359,0.961,0.763,0.298,0.356,54.095
11,2,0.302,0.582,-14.035,0.0359,0.961,0.763,0.298,0.356,54.095,0.147,0.247,-16.216,0.0387,0.867,0.971,0.0903,0.0384,138.457
11,3,0.147,0.247,-16.216,0.0387,0.867,0.971,0.0903,0.0384,138.457,0.14,0.133,-15.785,0.038,0.93,0.918,0.121,0.0716,142.012
11,4,0.14,0.133,-15.785,0.038,0.93,0.918,0.121,0.0716,142.012,0.563,0.554,-10.653,0.0347,0.467,0.672,0.671,0.0932,100.998
11,5,0.563,0.554,-10.653,0.0347,0.467,0.672,0.671,0.0932,100.998,0.625,0.398,-10.218,0.0338,0.279,0.747,0.0893,0.265,86.992
11,6,0.625,0.398,-10.218,0.0338,0.279,0.747,0.0893,0.265,86.992,0.736,0.519,-11.081,0.0409,0.028,0.629,0.371,0.207,105.995
11,7,0.736,0.519,-11.081,0.0409,0.028,0.629,0.371,0.207,105.995,0.656,0.655,-11.878,0.0397,0.028,0.859,0.112,0.192,117.992
11,8,0.656,0.655,-11.878,0.0397,0.028,0.859,0.112,0.192,117.992,0.727,0.721,-6.695,0.0362,0.121,0.338,0.182,0.0394,122.012
11,9,0.727,0.721,-6.695,0.0362,0.121,0.338,0.182,0.0394,122.012,0.747,0.495,-11.115,0.0504,0.0275,0.025,0.275,0.187,107.009
11,10,0.747,0.495,-11.115,0.0504,0.0275,0.025,0.275,0.187,107.009,0.723,0.583,-10.377,0.0455,0.00474,0.855,0.0626,0.394,113.997
11,11,0.723,0.583,-10.377,0.0455,0.00474,0.855,0.0626,0.394,113.997,0.765,0.716,-9.145,0.0472,1.81e-05,0.842,0.0702,0.317,123.999
11,12,0.765,0.716,-9.145,0.0472,1.81e-05,0.842,0.0702,0.317,123.999,0.828,0.271,-13.061,0.0532,0.395,0.819,0.065,0.233,113.995
10,1,0.386,0.0895,-25.558,0.034,0.973,0.934,0.107,0.188,124.386,0.545,0.652,-10.679,0.0461,0.445,0.949,0.0649,0.0364,116.957
10,2,0.545,0.652,-10.679,0.0461,0.445,0.949,0.0649,0.0364,116.957,0.701,0.327,-16.099,0.0518,0.754,0.917,0.0446,0.12,117.012
10,3,0.701,0.327,-16.099,0.0518,0.754,0.917,0.0446,0.12,117.012,0.505,0.201,-16.249,0.0342,0.917,0.964,0.111,0.105,121.955
10,4,0.505,0.201,-16.249,0.0342,0.917,0.964,0.111,0.105,121.955,0.585,0.682,-10.848,0.0367,0.229,0.782,0.269,0.0366,124.001
10,5,0.585,0.682,-10.848,0.0367,0.229,0.782,0.269,0.0366,124.001,0.694,0.64,-14.425,0.0333,0.61,0.843,0.111,0.236,117.999
10,6,0.694,0.64,-14.425,0.0333,0.61,0.843,0.111,0.236,117.999,0.761,0.465,-10.068,0.061,0.537,0.631,0.063,0.222,120.04
10,7,0.761,0.465,-10.068,0.061,0.537,0.631,0.063,0.222,120.04,0.608,0.64,-7.957,0.0449,0.642,0.000446,0.112,0.337,96.023
10,8,0.608,0.64,-7.957,0.0449,0.642,0.000446,0.112,0.337,96.023,0.795,0.578,-13.393,0.065,0.0161,0.907,0.109,0.166,109.999
10,9,0.795,0.578,-13.393,0.065,0.0161,0.907,0.109,0.166,109.999,0.675,0.738,-7.64,0.0325,0.00351,0.647,0.0863,0.333,121.033
10,10,0.675,0.738,-7.64,0.0325,0.00351,0.647,0.0863,0.333,121.033,0.538,0.584,-8.214,0.0301,0.0421,0.000138,0.508,0.2,107.986
10,11,0.538,0.584,-8.214,0.0301,0.0421,0.000138,0.508,0.2,107.986,0.791,0.653,-7.458,0.0511,0.268,0.852,0.119,0.324,120.019
10,12,0.791,0.653,-7.458,0.0511,0.268,0.852,0.119,0.324,120.019,0.738,0.288,-13.576,0.0403,0.602,0.886,0.1,0.385,122.036
9,1,0.168,0.342,-15.495,0.043,0.932,0.00378,0.101,0.343,190.237,0.175,0.27,-11.103,0.035,0.952,0.0457,0.11,0.0508,61.828
9,2,0.175,0.27,-11.103,0.035,0.952,0.0457,0.11,0.0508,61.828,0.243,0.299,-13.986,0.0308,0.905,0.953,0.0798,0.0791,75.011
9,3,0.243,0.299,-13.986,0.0308,0.905,0.953,0.0798,0.0791,75.011,0.618,0.803,-8.078,0.0467,0.342,0.855,0.546,0.038,124.116
9,4,0.618,0.803,-8.078,0.0467,0.342,0.855,0.546,0.038,124.116,0.52,0.389,-10.476,0.0403,0.83,0.0265,0.0937,0.326,133.113
9,5,0.52,0.389,-10.476,0.0403,0.83,0.0265,0.0937,0.326,133.113,0.58,0.853,-8.105,0.0341,0.478,0.823,0.102,0.151,114.0
9,6,0.58,0.853,-8.105,0.0341,0.478,0.823,0.102,0.151,114.0,0.448,0.67,-12.782,0.0307,0.289,0.943,0.122,0.0531,126.988
9,7,0.448,0.67,-12.782,0.0307,0.289,0.943,0.122,0.0531,126.988,0.742,0.601,-8.4,0.327,0.00768,7.18e-05,0.399,0.452,89.93
9,8,0.742,0.601,-8.4,0.327,0.00768,7.18e-05,0.399,0.452,89.93,0.863,0.75,-9.273,0.0734,0.14,0.0882,0.102,0.568,125.042
9,9,0.863,0.75,-9.273,0.0734,0.14,0.0882,0.102,0.568,125.042,0.621,0.592,-9.77,0.0673,0.0176,0.684,0.219,0.371,173.887
9,10,0.621,0.592,-9.77,0.0673,0.0176,0.684,0.219,0.371,173.887,0.72,0.721,-9.403,0.0415,0.286,0.887,0.105,0.516,122.026
9,11,0.72,0.721,-9.403,0.0415,0.286,0.887,0.105,0.516,122.026,0.78,0.633,-6.81,0.0424,0.00627,0.892,0.0612,0.582,120.007
9,12,0.78,0.633,-6.81,0.0424,0.00627,0.892,0.0612,0.582,120.007,0.748,0.524,-10.287,0.0365,0.0355,0.188,0.131,0.21,122.056
8,1,0.25,0.218,-20.306,0.0433,0.875,0.909,0.0955,0.208,121.902,0.482,0.39,-19.895,0.0417,0.978,0.943,0.108,0.6,126.265
8,2,0.482,0.39,-19.895,0.0417,0.978,0.943,0.108,0.6,126.265,0.6,0.321,-17.934,0.0352,0.895,0.845,0.0736,0.108,93.03
8,3,0.6,0.321,-17.934,0.0352,0.895,0.845,0.0736,0.108,93.03,0.568,0.489,-11.22,0.0353,0.716,0.743,0.106,0.0387,92.992
8,4,0.568,0.489,-11.22,0.0353,0.716,0.743,0.106,0.0387,92.992,0.63,0.495,-14.28,0.0409,0.103,0.854,0.173,0.0795,121.982
8,5,0.63,0.495,-14.28,0.0409,0.103,0.854,0.173,0.0795,121.982,0.646,0.631,-10.748,0.0436,0.00462,0.288,0.122,0.167,109.02
8,6,0.646,0.631,-10.748,0.0436,0.00462,0.288,0.122,0.167,109.02,0.929,0.449,-10.425,0.0574,0.0862,0.49,0.0889,0.612,119.896
8,7,0.929,0.449,-10.425,0.0574,0.0862,0.49,0.0889,0.612,119.896,0.753,0.797,-5.112,0.0483,0.00228,0.178,0.136,0.505,111.995
8,8,0.753,0.797,-5.112,0.0483,0.00228,0.178,0.136,0.505,111.995,0.595,0.551,-10.555,0.0735,0.0433,0.0054,0.499,0.675,111.413
8,9,0.595,0.551,-10.555,0.0735,0.0433,0.0054,0.499,0.675,111.413,0.607,0.298,-21.792,0.0373,0.139,0.0523,0.0647,0.545,95.493
8,10,0.607,0.298,-21.792,0.0373,0.139,0.0523,0.0647,0.545,95.493,0.801,0.642,-8.347,0.0933,0.0447,0.124,0.154,0.78,137.604
8,11,0.801,0.642,-8.347,0.0933,0.0447,0.124,0.154,0.78,137.604,0.458,0.695,-8.42,0.044,0.0294,0.0835,0.0762,0.471,113.968
8,12,0.458,0.695,-8.42,0.044,0.0294,0.0835,0.0762,0.471,113.968,0.617,0.706,-6.069,0.0352,0.00116,0.908,0.0855,0.406,117.994
7,1,0.223,0.0696,-23.768,0.0314,0.991,0.933,0.0671,0.0411,81.274,0.187,0.109,-21.143,0.048,0.938,0.867,0.124,0.0501,139.128
7,2,0.187,0.109,-21.143,0.048,0.938,0.867,0.124,0.0501,139.128,0.655,0.257,-18.13,0.0368,0.514,0.864,0.103,0.594,112.018
7,3,0.655,0.257,-18.13,0.0368,0.514,0.864,0.103,0.594,112.018,0.87,0.431,-13.85,0.0827,0.113,0.731,0.68,0.07,123.026
7,4,0.87,0.431,-13.85,0.0827,0.113,0.731,0.68,0.07,123.026,0.764,0.566,-9.903,0.0784,0.00644,0.941,0.0955,0.136,122.008
7,5,0.764,0.566,-9.903,0.0784,0.00644,0.941,0.0955,0.136,122.008,0.64,0.657,-8.842,0.032,0.168,0.953,0.259,0.404,115.035
7,6,0.64,0.657,-8.842,0.032,0.168,0.953,0.259,0.404,115.035,0.533,0.839,-5.437,0.0567,0.699,0.000705,0.231,0.347,89.962
7,7,0.533,0.839,-5.437,0.0567,0.699,0.000705,0.231,0.347,89.962,0.668,0.949,-7.919,0.0868,0.00626,0.518,0.164,0.369,117.002
7,8,0.668,0.949,-7.919,0.0868,0.00626,0.518,0.164,0.369,117.002,0.747,0.68,-6.187,0.0346,0.0107,0.803,0.0964,0.594,93.804
7,9,0.747,0.68,-6.187,0.0346,0.0107,0.803,0.0964,0.594,93.804,0.594,0.755,-7.26,0.0282,0.28,0.0047,0.256,0.608,155.994
7,10,0.594,0.755,-7.26,0.0282,0.28,0.0047,0.256,0.608,155.994,0.609,0.855,-5.456,0.04,0.0112,0.107,0.0811,0.744,111.012
7,11,0.609,0.855,-5.456,0.04,0.0112,0.107,0.0811,0.744,111.012,0.713,0.593,-9.957,0.0357,0.494,0.667,0.367,0.521,118.004
7,12,0.713,0.593,-9.957,0.0357,0.494,0.667,0.367,0.521,118.004,0.611,0.896,-6.668,0.0475,4.69e-05,0.0446,0.159,0.686,122.013
6,1,0.259,0.0247,-31.11,0.0339,0.942,0.929,0.0496,0.0692,146.108,0.293,0.234,-16.465,0.0393,0.941,0.92,0.187,0.124,114.333
6,2,0.293,0.234,-16.465,0.0393,0.941,0.92,0.187,0.124,114.333,0.51,0.491,-14.031,0.0269,0.362,0.829,0.0898,0.0752,105.007
6,3,0.51,0.491,-14.031,0.0269,0.362,0.829,0.0898,0.0752,105.007,0.27,0.16,-16.754,0.0368,0.809,0.0167,0.117,0.151,174.742
6,4,0.27,0.16,-16.754,0.0368,0.809,0.0167,0.117,0.151,174.742,0.588,0.278,-13.369,0.134,0.645,0.00331,0.0842,0.121,119.815
6,5,0.588,0.278,-13.369,0.134,0.645,0.00331,0.0842,0.121,119.815,0.311,0.84,-5.183,0.0866,0.364,0.0809,0.641,0.139,79.048
6,6,0.311,0.84,-5.183,0.0866,0.364,0.0809,0.641,0.139,79.048,0.519,0.843,-6.508,0.0431,0.214,0.000446,0.21,0.592,84.997
6,7,0.519,0.843,-6.508,0.0431,0.214,0.000446,0.21,0.592,84.997,0.75,0.936,-4.986,0.0437,0.483,0.484,0.118,0.774,119.511
6,8,0.75,0.936,-4.986,0.0437,0.483,0.484,0.118,0.774,119.511,0.926,0.964,-4.359,0.178,0.0039,0.0,0.132,0.793,124.976
6,9,0.926,0.964,-4.359,0.178,0.0039,0.0,0.132,0.793,124.976,0.823,0.814,-8.723,0.0391,0.0146,0.359,0.138,0.488,133.01
6,10,0.823,0.814,-8.723,0.0391,0.0146,0.359,0.138,0.488,133.01,0.843,0.494,-12.254,0.0745,0.00239,0.41,0.0646,0.384,123.999
6,11,0.843,0.494,-12.254,0.0745,0.00239,0.41,0.0646,0.384,123.999,0.731,0.61,-8.547,0.0525,0.143,0.67,0.855,0.323,124.016
6,12,0.731,0.61,-8.547,0.0525,0.143,0.67,0.855,0.323,124.016,0.664,0.854,-7.604,0.0418,0.00954,0.811,0.0684,0.353,122.005
