volume,position,danceability,energy,loudness,speechiness,acousticness,instrumentalness,liveness,valence
38,1,-2.4349611362332997,-2.68840897338484,-5.475964193524485,-0.28444305069890047,2.1499910482342437,0.9294943068197575,-0.4867538709177898,-1.1813290518533899
38,2,0.27433806618648426,-0.15537979029670404,-0.39117215334941563,-0.3603686990701344,0.7219994796172448,0.6420878867803794,-0.287180787214113,-0.1379871659796608
38,3,0.3694994018086668,0.937348909890645,0.17810848394104015,0.05498925966661578,-0.7524777719781374,-1.4916870498756074,1.4524940179009558,2.6290265946100346
38,4,-0.4645617162916381,0.5917851329083206,0.8899709947124818,-0.06113232019527145,-0.8449022475469227,-1.442334432293088,-0.17421489077806954,1.5586068982351222
38,5,0.4758561886805186,-0.024625928735825066,0.5394833938208957,-0.6216422537593805,-0.7941022070633562,-0.9894515885946743,-0.5296809115634863,-0.5399234156066044
38,6,0.6829720367993866,1.1988566330124035,0.10022235040957654,-0.05666610558519874,0.34525276789701526,0.8104674055913279,-0.752600280530612,-0.08721627128994135
38,7,0.559822073053032,1.0307445252912733,0.638516031348805,0.3877222481170233,-0.02541738395675894,0.7320838364896796,-0.27211866768930726,0.23856363630242325
38,8,1.2931241299063208,-0.832498001951258,0.5660735523114758,0.6646275539415233,1.2476219080656294,0.24146075581639817,-0.5869169657577482,-1.1043265282406491
38,9,-0.419779911292964,0.00806253665439481,0.6031322771369303,-0.17278768544708598,0.2571426498334131,-1.4162065759258717,0.39061459140214777,-0.18452715277856988
38,10,0.3694994018086668,0.33961697132662444,0.04306397822116342,-0.4876558154572031,0.2632192096998684,-0.5714058867192158,-0.4076777434125594,-0.1633726133245202
38,11,0.9348696899169281,-0.669055675000159,0.30854682047357185,2.089350014554677,1.2293922284662633,-1.712902900451371,-0.3700224446005449,-0.6372342970952326
38,12,-0.44217081379230166,0.4190032444171584,-0.042359523071409486,-0.4407605620514409,-0.8629800131496272,0.17178647217048834,2.1604136355668278,-0.8741651389805889
38,13,0.7333515674228943,-1.220089805863865,-0.009906967433299775,-0.21298361693773912,-0.8460871767208815,0.6188631255650762,-0.6870800605977069,-0.743006994365481
38,14,0.25754488931198144,0.6338131598386039,0.5920355968219635,-0.2710444068686828,-0.5771690198309016,0.32274742006995966,0.3077729340157156,1.1651324643897987
38,15,0.16798127931463375,0.806595048329765,0.5553956146499042,-0.4139632743910054,-0.5297718528725501,-0.11561994786888909,-0.4076777434125594,-1.170751782126365
37,1,-1.6064977437578283,-2.5463075445527843,-3.8081122050523373,-0.34697005523991675,2.1439144883677885,0.8627231183257605,-0.5726079522091828,-0.15067988965209037
37,2,-0.565320777538655,1.1521588253120894,0.900020818393961,-0.3246389821895538,1.5271436619225738,0.7262776461858538,-0.3323671457885305,-0.4045343631006864
37,3,-1.746440884378685,-1.3975414751250586,-1.5437613068190585,-0.07899717863556167,1.40257418466024,0.8424014522623702,-0.4558765258919379,-1.2084068623545736
37,4,0.2855335174361528,-1.4956068712957178,-1.6733621580448013,-0.37376734290035224,-0.1347954615529547,0.708859075274376,-0.38508456412535075,-0.29029985004881825
37,5,-0.25744586817277015,0.8673021983401739,0.03782969505372627,2.960261863518831,0.3999418066951129,-1.6168104509230536,-0.6735241530253816,2.142472187166893
37,6,-0.20706633754926235,1.0307445252912733,1.497985327441972,-0.21298361693773912,-0.8080782947562034,-1.8336455309145805,3.5762528708985726,0.12009821535974505
37,7,-0.18467543504992526,-0.6877347980802846,0.18501773772205699,-0.17725390005715852,0.8131478776140741,-1.7422241614856915,-0.5146187920386804,-0.6668506523309022
37,8,0.9404674155417624,-0.715753482700473,-0.5130262654873509,0.3050972778306803,-0.06491502308871852,0.8424014522623702,-0.3700224446005449,1.0678215829011697
37,9,-0.42537763691779823,-0.8138188788711327,0.740898610103874,-0.44969299127158613,0.6247745217539598,-1.7561590182148732,-0.3097739665013217,-1.1724441452826893
37,10,-0.3190208500459477,-1.0052798904424203,-0.581700060644125,-0.2710444068686828,1.606138940186493,0.7378900267935051,-0.3097739665013217,-1.0099772822755877
37,11,0.9012833361679219,1.4416852330540368,0.7653950553274795,-0.33580451871473527,-0.3869726960108502,0.7030528849705509,1.9570750219819502,-0.5610779550606539
37,12,-1.2986228343919437,0.41433346364712753,0.4649472015165915,0.43238439421774916,1.1200141508700678,0.7930488346798508,0.06677902161882314,-0.9388980297099808
37,13,-0.13429590442641684,-0.08066329797620148,-0.09239927015210768,-0.09686203707585206,-0.8004825949231344,-0.21722827818584092,-0.3549603250757391,-1.176675053173499
37,14,0.3750971274335017,0.5917851329083206,-0.2973737989889436,-0.22861536807299332,-0.3049391378137034,0.23275147036065977,-0.5251622757060446,-0.2479907711407189
37,15,0.5934084268020376,0.3115982867064365,-0.4550304079921479,0.32072902896593447,-0.46596797427476927,0.601444554653599,-0.5944480255201512,1.0382052276655007
37,16,-0.3694003806694555,1.2922522484130317,0.4320759032250867,0.30956349244075304,-0.8284347703088288,-0.8965525437334615,0.3454282328277301,-1.113634525600431
36,1,-1.276231931892607,-2.3142194402822236,-2.854216440618604,-0.4050308451708603,2.1074551291690566,0.9207850213640187,-0.11396641267884654,-0.8783960468713988
36,2,-0.31342312442111286,-1.9859338521490155,-2.7034690853964167,-0.5166862104226748,2.146952768301016,0.8365952619585444,-0.5349526533971684,-0.8487796916357293
36,3,0.6325925061758775,-0.10868198259638993,0.4479881240540955,-0.4206625963061143,0.29056372909891737,0.6507971722361181,-0.45888894979689904,0.8731998199239132
36,4,0.8900878849182533,0.23688179438593393,1.0107782502169294,0.20684055640908347,-0.17429310068491427,-1.8326962187999052,-0.5123594741099596,1.5924541613616012
36,5,-0.42537763691779823,0.3676356559468134,0.7327331283626721,-0.3983315232557514,-0.46900625420799696,0.11372456913223015,-0.24199442863969567,-0.9439751191789527
36,6,0.27433806618648426,-0.2300962826172066,0.3328338943704798,0.4971445060638016,0.06269273410684303,0.34887527643717586,-0.5869169657577482,-0.5949252181871333
36,7,-0.2294572400485994,-0.010616586425730315,-0.32773264136007857,-0.25094644112335607,0.9711384341419125,0.7988550249836766,-0.10643535291644363,-0.5314615998249843
36,8,-1.5057386825108117,0.6945203098490117,0.5028434116488361,-0.23084847537802952,0.33006136823087695,0.2762978976393531,-0.4784697051791466,-1.17709814396258
36,9,0.828512903045077,-0.05731439412604442,-0.4102249440788868,0.15547908839324884,-0.8663221210761777,0.784339549224112,-0.09890429315404052,-0.5187688761525546
36,10,0.03923358994344553,0.8813115406502681,0.6301411782809057,-0.4586254204917313,-0.5665350400646048,0.8743354989334119,-0.7782058837227819,-0.5272306919341744
36,11,0.6661788599248831,0.9840467175909591,1.2965701111589936,-0.5524159273032555,-0.8658967618855259,-0.6352739800612998,-0.3398982055509333,0.6701162411650362
36,12,0.4254766580570095,0.2929191636263103,-0.057224887266930716,-0.3514362698499893,0.11130521303848542,0.5637043176787309,-0.3173050262637246,-0.23106713957747915
36,13,-0.13429590442641684,-0.08066329797620148,-0.09239927015210768,-0.09686203707585206,-0.8004825949231344,-0.21722827818584092,-0.3549603250757391,-1.176675053173499
36,14,-1.0411274556495675,0.4516917098073788,0.3472805159126063,-0.1549228270067956,-0.4568531344750863,0.8540138328700215,-0.2796497274517101,-1.180482870275228
36,15,0.2799357918113191,0.3816449982569077,0.8470498727394978,-0.26211197764853755,-0.8665044178721714,0.653700267388031,-0.6840676366927457,-0.0025981134737428605
35,1,-3.12124229783798,-1.6170211713165346,-1.083772502064689,-0.4139632743910054,-0.12871890168649938,0.5695105079825566,-0.40014668365015643,-1.2041759544637636
35,2,0.1343949255656275,0.36296587517678147,-0.37756301711407936,-0.4005646305607877,-0.6926236572935526,0.848207642566196,-0.2796497274517101,1.2032106354070877
35,3,-0.8899888637790426,-1.0239590135225458,-0.03440341265690508,-0.509986888507566,1.4511866635918824,-1.7692229463984814,-0.42499918086608607,-0.6583888365492823
35,4,0.4702584630556837,-0.21608694030711237,0.5512081881159543,-0.49658824467734825,0.9498704746093188,-0.15626327999567013,1.392245539801733,-0.040676284491032284
35,5,-0.9571615712770536,0.15282574052536854,0.21830777866695653,-0.4407605620514409,-0.7962290030166157,0.7553085977049829,-0.12902853220365212,-0.10837081074399102
35,6,0.0448313155682798,0.703859871389075,0.244897937157537,-0.5077537812025297,0.7098463598843341,0.880141689237238,-0.5010628844663553,0.49664901764182906
35,7,0.9964446717901051,0.8112648290997969,0.8422343322254555,-0.2598788703435014,-0.8674219784120062,-0.9575175419236325,-0.7059077100037141,1.448603293074064
35,8,0.5094425424295236,0.6851807483089488,0.2153765800931919,-0.3782335575104248,0.7675736786156596,0.7378900267935051,-0.3398982055509333,-0.32414711317529776
35,9,0.25754488931198144,0.6945203098490117,0.6450065424764269,-0.35590248446006184,0.11434349297171324,0.7640178831607216,0.8951955954831419,0.1412527548137947
35,10,4.95105696056422e-05,1.2922522484130317,0.7153553082467812,-0.46755784971187636,-0.7187528647193103,0.5578981273749053,-0.4875069768940301,-1.1724441452826893
35,11,1.0244332999142765,-0.06665395566610775,1.0281560703328205,-0.1705545781420496,-0.8074706387695579,-1.3233075310646585,-0.5485085609694935,1.4359105694016336
35,12,0.05042904119311407,0.7692368021695142,-0.6122682743419582,-0.18841943658234,-0.2198672996833291,0.9062695456044542,-0.5131125800861999,0.0904818601240755
35,13,-1.2930251087671094,1.0073956214411162,0.4435913261934482,-0.28444305069890047,-0.7910639271301285,0.6740219334514217,-0.534199547420928,-1.059478904598064
35,14,-0.061525471303571326,1.1895170714723406,0.8560528397874896,-0.5300848542528926,-0.8685218357478345,0.8365952619585444,-0.4076777434125594,-0.23529804746828908
34,1,-2.132683952492249,-2.5733922730189667,-2.843957245610428,-0.24201401190321098,2.116569968968739,0.8685293086295861,-0.40014668365015643,-1.180059779486147
34,2,-2.1942589343654264,-2.4239592883779615,-2.641076430040567,-0.24424711920824732,2.1347996485681056,0.8975602601487151,-0.4935318247039524,-0.9037814942162583
34,3,-0.7500457231581859,-0.15537979029670404,-0.20231921666828626,-0.35813559176509824,0.1325731725710792,0.5695105079825566,-0.15915277125326374,-0.992630559923267
34,4,0.011244961819274181,0.6384829406086348,0.632444262874578,-0.3380376260197715,-0.8406182728410718,0.7262776461858538,0.14962067900525505,-0.556847047169844
34,5,0.6269947805510439,-0.8745260288815407,-0.7979806411226248,-0.17725390005715852,1.9160434933757142,0.14275552065135924,-0.03865581505481751,-0.30299257372124805
34,6,0.5542243474281977,1.2128659753224977,0.7120053670196215,-0.2822099433938643,-0.7342480923787715,0.34016599098143746,-0.840713679750726,0.5770362675672176
34,7,1.444262721776846,0.00806253665439481,0.1749679140405778,0.829877494514209,1.7641294967143313,-0.466894461250351,-0.4076777434125594,0.37818359669915114
34,8,1.4946422524003544,-0.6410369903799705,0.30854682047357185,-0.39163220134064247,-0.7470088680983276,-1.831964638821623,-0.8896655682063447,2.734799291880283
34,9,-0.42537763691779823,1.3109313714931579,1.0497213169826611,-0.5546490346082918,-0.86328384114295,-1.8315030466924689,-0.7774527777465415,1.3893705826027247
34,10,1.0412264767887787,1.0587632099114617,1.5886431119019824,1.0621206542379835,-0.8666259490695004,-1.6644212114144252,0.2776486949661042,2.409019384287918
34,11,-0.055927745678737054,0.23688179438593393,-0.887591568949148,-0.4452267766615136,0.15991769197012798,0.9120757359082797,-0.0235936955300117,-0.45953616568121547
34,12,0.06162449244278261,1.3436198368833772,0.7984757249456818,0.008094006260853711,0.5731237628890894,0.26468551703170146,-0.4566296318681782,-1.0751332637940607
34,13,1.1307900867861276,0.3209378482464993,0.4435913261934482,-0.28667615800393687,-0.8575414920691498,0.6624095528437698,-0.12149747244124923,1.6178396087064613
34,14,-0.5709185031634892,-0.4916040057389656,-0.19352562094699238,-0.5144531031176386,0.6278128016871872,0.9323974019716701,-0.430270922699768,-0.552616139279034
34,15,0.2799357918113191,-1.1313639712332682,0.3340901223306647,-0.4608585277967676,-0.8332960182019931,0.6362816964765536,-0.12149747244124923,-0.02375265292779254
34,16,0.7501447442973965,-0.28613365185758355,0.4306103039382044,-0.4452267766615136,-0.868755783302693,0.18920504308196612,-0.27211866768930726,0.06932732067002581
34,17,0.4758561886805186,0.3582960944067506,0.5415771070878705,-0.40726395247589664,-0.8673186768942763,0.7698240734645474,-0.3549603250757391,-0.23952895535909902
34,18,1.5786081367728684,0.6945203098490117,0.20679235569859503,0.08178654732705128,-0.8698605018864146,0.6624095528437698,-0.6208067346885613,0.3866454124807708
33,1,-1.5337273106349831,-0.809149098101101,-0.9792962100426452,-0.30677412374926344,0.7341525993501554,0.20081742368961744,0.3454282328277301,-0.1379871659796608
33,2,-0.10070955067741122,-0.13670066721657892,-0.7594563170102885,-0.4653247424068402,0.6095831220878215,0.7901457395279378,-0.38508456412535075,0.2470254520840431
33,3,0.01684268744410845,-0.3701897057181489,-0.6520488264144798,0.41898575038753133,0.5974300023549106,0.6914405043628988,1.1211273883552284,1.973235871534495
33,4,0.5654197986778663,-1.6030118290064403,-1.8858740546427464,-0.23531468998810207,1.0167126331403273,0.6391847916284665,-0.45888894979689904,1.1185924775908889
33,5,1.645780844270879,-0.09934242105632711,0.4611785176360367,3.6971872741808074,-0.7108533368929185,0.5346733661596017,-0.17421489077806954,1.2709051616600466
33,6,-0.03913456880423424,1.3949874253537227,1.0767302181266365,-0.48988892276223933,-0.832080706228702,0.749502407401157,0.7897607588095011,-0.45953616568121547
33,7,0.40308575555767306,-0.04330505181595071,0.11718142787207256,-0.43406124013633196,0.7219994796172448,0.5782197934382954,0.08937220090603185,0.6404998859293667
33,8,1.2259514224083095,0.9560280329707701,0.270859981668025,1.5534042613459673,-0.7789108073972181,-0.28399946667983783,-0.9416298805669248,1.816692279574528
33,9,0.7165583905483915,1.6705044907855755,1.2549052171461943,-0.26211197764853755,0.5974300023549106,-0.42915422427548333,-0.287180787214113,1.935157700517206
33,10,1.237146873657978,0.9140000060404879,0.4314477892449942,0.04382372314143431,-0.8601240300123933,0.5346733661596017,1.15125162740484,1.8674631742642471
33,11,0.559822073053032,0.031411440504551864,0.31775915884826117,-0.26881129956364647,-0.8577237888651434,0.3372628958295242,2.7779605360838655,0.060865504888406176
33,12,0.8229151774202427,-0.7904699750209756,-0.4072937455051222,-0.20628429502263038,-0.7181452087326649,0.5869290788940345,1.8516401853083095,-0.7006979154573817
33,13,0.8341106286699106,1.3249407138032516,0.20762984100538523,-0.45192609857662236,-0.8690474581762828,0.5462857467672534,-0.3549603250757391,1.0974379381368398
33,14,1.119594635536459,0.031411440504551864,0.5595830411838537,0.3050972778306803,-0.8696946118020604,-1.433625146837349,-0.7488347506494105,-0.43838162622716587
32,1,-2.882779186220041,-2.0326316598493297,-3.328023752935008,-0.3335714114096989,2.119608248901967,0.9875562098580154,5.082464823379151,-0.8022397048368201
32,2,0.7445470186725629,0.7178692136991687,0.1255562809399717,-0.24201401190321098,-0.7524777719781374,0.6798281237552473,-0.3775535043629478,0.060865504888406176
32,3,-1.455359151887303,-1.5983420482364088,-0.021213019074963535,-0.19288565119241255,1.2749664274646781,-1.4307220516854362,-0.3549603250757391,-1.1559436045085303
32,4,-0.07272092255323986,-0.24410562492730084,0.3213184714021183,0.10858383498748676,0.9741767140751402,0.7291807413377667,-0.6674993052154593,-0.6076179418595631
32,5,0.6493856830503804,-0.3094825557077406,-0.40708437417842486,0.25373580981484567,-0.0892212625545398,0.7175683607301151,-0.5552865147556562,-0.9727452928364603
32,6,-1.4049796212637948,-0.9212238365818548,-0.033565927350115245,0.22693852215441035,1.1868563094010764,0.2850071830950918,0.6542016830862489,-0.036445376600222346
32,7,0.9068810617927567,-0.8278282211812267,-0.28376466275360734,0.4725803257084023,0.12649661270462373,-0.8355875455432904,-0.16668383101566664,-0.5187688761525546
32,8,0.8229151774202427,1.0494236483713983,0.5269211142190466,1.8883703571014112,-0.8339036741886385,0.3314567055256984,-0.4438268302720933,1.7574595691031887
32,9,0.8061220005457392,0.7178692136991687,0.327599611203043,-0.17502079275212218,-0.20163762008396313,-0.37980160669296387,-0.9152711713985147,2.1043940161496035
32,10,0.9516628667914309,0.14348617898530572,0.5237805443185843,1.7767149918495966,-0.5920565915037171,-1.5770380473418468,0.6165463842742346,1.5586068982351222
32,11,0.20716535868847363,0.5264082021278809,0.3267621258962528,-0.4809564935420942,-0.8685704482267662,0.8830447843891506,-0.6125225689499181,-0.7810851653827703
32,12,-0.061525471303571326,-0.03396549027588737,0.3221559567089081,-0.5300848542528926,-0.8108127466961084,0.5317702710076888,-0.43177713465224865,-1.1745595992280942
32,13,1.119594635536459,0.699190090619043,0.8248565121095647,0.13538112264792226,-0.46292969434154163,0.851110737718109,-0.4573827378444185,-0.1295253501980407
32,14,-0.3973890087936269,-0.0012770248856680115,-0.03210032806323256,-0.5970780734039813,-0.8357266421485753,0.16888337701857545,0.40567671092695334,-0.556847047169844
32,15,0.5262357193040264,0.75522745985942,0.10922531745756815,-0.18395322197226743,-0.8464517703128688,0.7320838364896796,-0.8000459570337503,0.40779995193482044
31,1,-1.2370478525187667,-0.6877347980802846,-1.4030637752783501,-0.30677412374926344,1.4967608625902973,0.7378900267935051,-0.3097739665013217,-0.5229997840433644
31,2,1.0580196536632813,-0.08533307874623289,-0.1296673663042598,1.129113873389072,0.13561145250430687,0.8046612152875023,-0.21187018959008405,0.15817638637703446
31,3,-0.4533662650419696,0.44235214826731545,0.3629833654149173,-0.3000748018341545,-0.7026499810732038,-1.4045941953182202,-0.24952548840209848,-0.4129961788823064
31,4,-0.07831864817807413,0.7365483367792943,0.37638313032355625,-0.17502079275212218,-0.7518701159914919,-0.6788204073399934,1.4299008386137475,-1.174136508439013
31,5,1.3546991117794984,-0.6970743596203474,-0.0488500341990312,0.3341276727961523,-0.3991258157437609,-0.2404530394011445,-0.552274090850695,0.5178035570958788
31,6,0.1567858280649652,-0.748441948090693,-0.2896270599011366,-0.23084847537802952,0.5488175234232683,-1.8339387435249237,-0.41520880317496234,-0.21837441590504936
31,7,1.1979627942841382,0.036081221274583276,0.2804910626961091,-0.14375729048161412,-0.8433831075803089,0.6595064576918572,-0.6012259793063137,2.3667103053798186
31,8,0.5710175243027011,0.806595048329765,0.7404798674504791,0.37655671159184184,0.19941533110208773,-1.6406158311687395,-0.3398982055509333,-0.1379871659796608
31,9,1.4274695449023431,0.5217384213578494,0.27504740820197454,1.7320528457488706,-0.8397371716604357,0.560801222526818,-0.5183843219198819,1.8209231874653378
31,10,0.1008085718166225,0.3723054367168443,0.1418872444223756,0.1041176203774142,-0.8416209052190369,0.8162735958951537,0.850009236908724,-0.8233942442908697
31,11,0.8173174517954084,-0.04330505181595071,0.7295925584622099,0.14208044456303118,0.4850136448254874,-0.022720903007676287,-0.7834776255564638,0.6743471490558464
31,12,0.3359130480596618,0.24155157515596534,-0.35578839913754134,-0.3000748018341545,0.14472629230398967,0.7988550249836766,0.021592663044405717,-0.45530525779040565
31,13,1.1307900867861276,1.1194703599218694,1.0011471691888454,-0.204051187717594,-0.8111165746894311,0.7872426443760249,-0.6712648350966607,0.619345346475317
31,14,1.203560519908973,0.9793769368209272,0.27965357738931923,-0.23308158268306586,-0.8458137315268911,0.8424014522623702,-0.4415675123433724,-0.5103070603709347
31,15,0.1176017486911253,1.4183363292038798,1.274167379202363,-0.40726395247589664,-0.8683547303515071,0.6507971722361181,-0.6569558215480952,-0.5187688761525546
30,1,-1.8639931225002047,-1.0986755058430484,-1.1321372785318078,-0.39609841595071515,2.0709957699703248,0.8278859765028056,1.7236121693474602,-1.053978724340011
30,2,0.850903805544414,-0.3468408018679919,-0.7699248833451624,-0.16608836353197706,0.6551573210862363,0.2850071830950918,-0.4747041752979451,-0.6583888365492823
30,3,-0.027939117554565705,-0.6503765519200333,-0.5299853429498469,-0.4005646305607877,0.5913534424884556,0.8598200231738473,5.722604903183397,-1.0027847388612108
30,4,-1.5785091156336568,0.48904995596762957,0.05416065853613055,-0.2598788703435014,1.7064021779830054,0.8714324037814993,-0.03865581505481751,-0.6245415734228029
30,5,1.4162740936526748,-0.8978749327316978,-0.13217982222462932,1.3300935308423383,-0.5601546522048267,-1.833227485212705,-0.42273986293736515,1.1185924775908889
30,6,0.4702584630556837,0.28824938285627943,-0.3346418951410954,-0.3090072310542998,-0.557116372271599,0.8453045474142827,-0.4867538709177898,1.0932070302460293
30,7,1.0972037330371214,-0.7811304134809125,0.5811482878336944,-0.009770852179436669,-0.3292453772795247,-1.6815494728107114,-0.42273986293736515,2.019775858333405
30,8,0.7669379211719,-0.18806825568692442,-0.34887914535652415,0.025958864701143936,-0.8544424465372576,-1.4858808595717816,1.6031152131490138,1.2793669774416665
30,9,1.5842058623977027,0.675841186768886,-0.19540996288726944,0.15547908839324884,-0.8695670040448649,0.7785333589202862,-0.8640599650141749,2.734799291880283
30,10,0.2687403405616506,1.6845138330956702,0.7880071586108076,-0.3045410164442272,-0.7746572154906993,0.462095987361779,-0.5424837131595712,0.30202725466457203
30,11,-0.5149412469151465,0.6945203098490117,0.21412035213300695,-0.14375729048161412,-0.40520237561021616,-1.6995486627525715,-0.5598051506130979,-1.1745595992280942
30,12,0.39189030430800453,0.624473598298541,0.27295369493499977,-0.41173016708596905,-0.8639826455275924,0.525964080703863,-0.5161250039911611,-0.7895469811643901
30,13,0.7501447442973965,0.675841186768886,0.5945480527423334,0.15547908839324884,0.5700854829558617,0.8743354989334119,-0.3248360860261275,-0.7980087969460101
30,14,0.5374311705536949,0.7879159252496398,1.2662112687878586,-0.3246389821895538,-0.7290830164922845,0.026631714574842855,-0.5944480255201512,0.035480057543546564
30,15,-0.5429298750393179,0.7131994329291372,0.4682971427437512,-0.5189193177277112,-0.7078150569596908,0.5375764613115149,1.091003149305617,-1.176675053173499
29,1,-0.5709185031634892,-1.2807969558742731,-0.8951289367102573,-0.6037773953190901,1.6091772201197203,-0.7717194522012064,-0.46190137370186024,-1.173713417649932
29,2,-1.5785091156336568,-0.6503765519200333,-0.33736372238816265,-0.4094970597809328,0.20549189096854287,0.9353004971235833,0.571360025699817,-1.1242117953274557
29,3,-1.6288886462571652,-0.3561803634080547,0.15842757923147688,-0.4541592058816587,-0.43862345487572046,0.8191766910470669,-0.42273986293736515,0.08202004434245586
29,4,-0.5821139544131578,-0.6503765519200333,0.3376494348845218,-0.579213214963691,1.4694163431912484,0.7524055025530697,-0.34742926531333623,-0.1422180738704705
29,5,0.05602676681794834,-0.09000285951626481,0.4779282237718353,-0.3849328794255337,-0.149986861219093,-0.5859213624787803,-0.4724448573692243,-0.4172270867731162
29,6,-0.5541253262889865,-0.5896694019096249,0.8227627988425898,-0.48542270815216676,0.31486996856473864,-1.8043503977366275,-0.294711846976516,-0.5187688761525546
29,7,0.8173174517954084,-0.6970743596203474,0.33053080977680765,0.8946376063602615,1.7884357361801526,-0.6178554091498223,-0.3097739665013217,0.4162617677164403
29,8,1.4218718192775084,0.8392835137199853,0.730011301115605,0.6132660859256887,-0.8016979068964254,-1.0649320625444099,-0.9694948016878153,2.5105611736673565
29,9,-0.21826178879893088,0.11546749436511725,0.03950466566730669,-0.5993111807090177,-0.3565898966785737,0.6130569352612503,-0.34742926531333623,0.699732596400706
29,10,-0.5989071312876606,1.3949874253537227,0.7017461720114448,3.8535047855333477,-0.8649245123068929,-0.0836859011978474,2.672525699410225,1.0212815961022603
29,11,-0.4981480700406444,1.2175357560925297,1.1604787488056296,0.02819197200618029,1.2536984679320848,-1.832205595719232,0.5638289659374143,0.12856003114136516
29,12,-0.21826178879893088,0.2228724520758397,0.37470815970997656,0.02819197200618029,1.1078610311371568,-1.001063969202326,-0.3323671457885305,-1.0785179901067086
29,13,0.6269947805510439,1.0167351829811784,0.6117165015315271,0.7517187388379387,-0.1651782608852313,-0.8268782600875515,-0.5229029577773237,0.1412527548137947
29,14,0.5094425424295236,1.7218720792559215,1.1763909696346382,-0.4988213519823846,-0.8577237888651434,0.6653126479956827,-0.3173050262637246,1.600915977143221
29,15,1.4498604474016796,1.0214049637512104,0.8893428807323893,0.15101287378317627,-0.7691883116108895,-1.349435387431875,0.3755524718773419,1.66861050339618
28,1,-0.05033002005390279,-0.3982083903383374,-0.7029260588019678,-0.6350408975895983,1.906928653576031,0.7959519298317633,-0.541730607183331,0.05240368910678607
28,2,-1.4665546031369718,-0.7858001942509442,-1.0961254103398406,-0.4027977378658239,2.007191891372544,0.6449909819322927,-0.3926156238877535,-1.1906370492131717
28,3,0.39748802993283816,0.42834280595722174,0.44317258354005346,-0.28890926530897304,0.30879340869828314,0.40693717947543406,-0.031124755292414603,1.7278432138675193
28,4,-0.9235752175280479,-0.4729248826588397,0.3468617732592112,1.03978958118762,-0.016302544157075962,-1.831865933586458,-0.4875069768940301,1.313214240568146
28,5,-0.12869817880158257,-0.2674545287774579,-1.1135032304557313,-0.20628429502263038,-0.5841570636773251,0.6682157431475956,-0.2645876079269044,-0.5272306919341744
28,6,0.7725356467967343,0.5030592982777238,1.008893908276652,0.06615479619179725,-0.6652791378945035,-1.2768580086340522,0.11196538019324055,1.008588872429831
28,7,0.17917673056430228,-0.20207759799701816,-0.6051496492342432,-0.48542270815216676,-0.6026905712700138,0.7872426443760249,-0.5854107538052677,-1.173713417649932
28,8,0.21836080993814155,-0.20674737876704954,-0.37986610170775187,0.9951274350868946,0.9924063936745061,0.7117621704262892,-0.22693230911488987,-0.5399234156066044
28,9,0.8565015311692483,-0.4729248826588397,0.3409993761116816,0.061688581581724695,-0.7825567433170912,-0.29561184728748946,-0.6253253705460031,1.803999555902098
28,10,0.6829720367993866,1.6144671215451991,0.7006993153779575,-0.23084847537802952,-0.8375496101085118,0.7582116928568958,1.9194197231699355,0.3570290572451014
28,11,-0.8228161562810314,0.4003241213370333,0.560420526490644,-0.11696000282117863,0.5488175234232683,-1.5964887848596634,-0.294711846976516,-1.1356352466326425
28,12,0.1903721818139702,0.4983895175076929,0.28509723188345376,0.4770465403184747,-0.7533892559581057,0.8249828813508924,-0.47395106932170483,-0.21414350801423943
28,13,0.50384481680469,0.10612793282505444,0.42118859423681765,0.14654665917310372,-0.8700260881427756,0.4940300340328213,-0.43629577050969043,0.8308907410158137
28,14,-0.07272092255323986,1.1101307983818067,0.932054631378676,-0.47872338623705785,-0.8211428984690824,-1.7889639934314892,-0.3173050262637246,0.4458781229521101
28,15,0.3359130480596618,0.4516917098073788,0.6295130643008131,-0.4720240643219491,-0.8514345494033622,-0.5394718400481737,0.9780372528695738,-0.924512942881227
28,16,0.2687403405616506,1.6845138330956702,0.7880071586108076,-0.3045410164442272,-0.7746572154906993,0.462095987361779,-0.5424837131595712,0.30202725466457203
27,1,-2.1718680318660892,-2.287134711816041,-4.38848952265776,-0.46979095701691276,2.1317613686348778,0.944009782579322,-0.09890429315404052,1.0297434118838809
27,2,-0.6101025825373292,-0.41221773264843165,-0.993533460258074,-0.34027073332480784,1.9889622117731773,0.8162735958951537,-0.19680807006527826,-1.171174872915446
27,3,-0.31342312442111286,-0.5569809365194054,-1.3341806087948789,-0.4452267766615136,1.4815694629241591,0.8017581201355891,-0.6260784765222434,-0.6753124681125221
27,4,-0.9235752175280479,0.7645670213994828,0.6699217303534273,1.2184381655905236,-0.7597696438178838,0.4969331291847339,1.7010189900602515,0.13279093903217484
27,5,-0.30222767317144494,0.14348617898530572,0.5757046333395599,-0.617176039149308,0.6399659214200981,0.7698240734645474,-0.3624913848381419,0.9028161751595827
27,6,-0.20706633754926235,-1.094005725073017,-0.18933819441304245,-0.41619638169604173,0.35132932776347053,-1.8329923345054,-0.6049915091875152,-1.0755563545831415
27,7,1.0020423974149386,1.2175357560925297,0.661546877285528,0.4301512869127128,-0.6172743149495067,0.6972466946667247,-0.3097739665013217,0.2089472810667537
27,8,1.2595377761573152,1.460364356134162,0.4538505212016248,0.08848586924216019,-0.11352750202036108,0.7930488346798508,-0.43855508843841123,0.505110833423449
27,9,0.6046038780517061,0.6057944752184149,0.5380177945340131,-0.21075050963270292,-0.8643168563202475,0.6043476498055116,-0.49880356653763447,-0.6118488497503731
27,10,0.621397054926209,0.44235214826731545,0.43731018639252384,-0.364834913680207,-0.7691883116108895,0.5085455097923859,-0.2796497274517101,-0.0787544555083217
27,11,-0.25744586817277015,1.0400840868313355,0.9383357711796005,-0.5412503907780741,-0.8693816689689381,-1.664130901899234,-0.430270922699768,1.0297434118838809
27,12,0.4646607374308494,-0.25344518646736364,0.3795237002240186,-0.5166862104226748,-0.6792552255873509,0.525964080703863,-0.5070877322762776,-0.5949252181871333
27,13,0.9572605924162645,-0.655046332690065,-0.15562941081474743,-0.4541592058816587,1.2263539485330357,0.8365952619585444,-0.3624913848381419,-1.1652516018683121
27,14,-0.35260720379495336,0.36296587517678147,0.038876551687213844,-0.42289570361115064,-0.6956619372267802,-0.014011617551937559,0.15715173876765776,-1.1762519623844179
27,15,0.033635864318611264,1.460364356134162,0.8832711122581623,-0.3447369479348804,-0.8631623099456209,-1.0881568237597132,-0.5018159904425956,-0.9194358534122551
26,1,-1.4665546031369718,-1.6216909520865659,-3.291593142089646,-0.4876558154572031,2.153029328167471,0.839498357110457,-0.5146187920386804,-0.14644898176128068
26,2,0.4702584630556837,0.28824938285627943,-0.3346418951410954,-0.3090072310542998,-0.557116372271599,0.8453045474142827,-0.4867538709177898,1.0932070302460293
26,3,0.7669379211719,0.829943952179922,0.5935011961088461,4.702085561447139,-0.5957025274235903,-1.834245426496772,0.8198849978591128,1.253981530096807
26,4,0.18477445618913654,1.0073956214411162,1.0694022216922245,4.344788392641331,-0.6209202508693799,-1.6046174512850193,-0.8316764080358425,1.4824505562005434
26,5,0.3806948530583354,0.24155157515596534,-0.44498058431066906,-0.30677412374926344,-0.6990040451533306,0.6798281237552473,-0.3398982055509333,-0.09990899496237138
26,6,-1.3825887187644577,0.2228724520758397,0.9431513116936425,-0.4988213519823846,1.3873827849941016,-1.3871756244067426,-0.3624913848381419,-1.0615943585434688
26,7,0.011244961819274181,0.28824938285627943,-0.06141231380088028,-0.30677412374926344,-0.3991258157437609,0.7291807413377667,-0.6840676366927457,0.3274127020094317
26,8,1.360296837404332,0.5030592982777238,0.4006702042204642,0.532874222944382,-0.7579466758579472,-1.1375094413422326,-0.5635706804942994,0.10317458379650553
26,9,0.18477445618913654,0.5170686405878185,-0.17342597358403364,-0.15938904161686815,-0.8572072812764947,0.7611147880088087,-0.6765365769303427,-0.6880051917849519
26,10,0.9572605924162645,-0.4589155403487457,-0.2519402210955897,0.6132660859256887,-0.7804299473638318,-1.433625146837349,2.356221189389303,-0.29029985004881825
26,11,0.9404674155417624,0.34895653286668776,0.39208597982586735,-0.4206625963061143,0.320946528431194,-0.5104408885290447,-0.5146187920386804,0.32318179411862175
26,12,0.45346528618118087,-0.20207759799701816,0.8099911479140433,-0.4742571716269853,-0.8689198504190873,-0.2607747054645346,-0.6976235442650709,0.7928125699985243
26,13,0.9908469461652708,-0.7624512904007872,-0.35871959771130596,-0.02316949600965449,-0.8696429610431955,0.7611147880088087,-0.4340364525809695,1.3597542273670553
26,14,0.0448313155682798,0.7785763637095771,0.7335706136694621,-0.4742571716269853,-0.8244850063956328,0.8220797861989798,-0.7352788430770854,0.1624072942678444
26,15,0.9964446717901051,0.10612793282505444,0.473322054584491,0.3497594239314062,-0.8250926623822784,0.6595064576918572,-0.287180787214113,1.1905179117346578
25,1,-1.4665546031369718,-1.6216909520865659,-3.291593142089646,-0.4876558154572031,2.153029328167471,0.839498357110457,-0.5146187920386804,-0.14644898176128068
25,2,0.4702584630556837,0.28824938285627943,-0.3346418951410954,-0.3090072310542998,-0.557116372271599,0.8453045474142827,-0.4867538709177898,1.0932070302460293
25,3,0.7109606649235579,0.5357477636679436,0.3617271374547324,5.260362387706212,-0.013264264223848469,0.4679021776656048,0.3228350535405214,1.0001270566482108
25,4,0.18477445618913654,1.0073956214411162,1.0694022216922245,4.344788392641331,-0.6209202508693799,-1.6046174512850193,-0.8316764080358425,1.4824505562005434
25,5,0.3806948530583354,0.24155157515596534,-0.44498058431066906,-0.30677412374926344,-0.6990040451533306,0.6798281237552473,-0.3398982055509333,-0.09990899496237138
25,6,-1.3825887187644577,0.2228724520758397,0.9431513116936425,-0.4988213519823846,1.3873827849941016,-1.3871756244067426,-0.3624913848381419,-1.0615943585434688
25,7,0.011244961819274181,0.28824938285627943,-0.06141231380088028,-0.30677412374926344,-0.3991258157437609,0.7291807413377667,-0.6840676366927457,0.3274127020094317
25,8,1.360296837404332,0.5030592982777238,0.4006702042204642,0.532874222944382,-0.7579466758579472,-1.1375094413422326,-0.5635706804942994,0.10317458379650553
25,9,0.5318334449288613,0.6898505290789803,0.4959341578678189,0.8321106018192453,-0.8459048799248878,0.6711188382995085,-0.5364588653496489,0.9366634382860617
25,10,0.9572605924162645,-0.4589155403487457,-0.2519402210955897,0.6132660859256887,-0.7804299473638318,-1.433625146837349,2.356221189389303,-0.29029985004881825
25,11,0.9404674155417624,0.34895653286668776,0.39208597982586735,-0.4206625963061143,0.320946528431194,-0.5104408885290447,-0.5146187920386804,0.32318179411862175
25,12,0.45346528618118087,-0.20207759799701816,0.8099911479140433,-0.4742571716269853,-0.8689198504190873,-0.2607747054645346,-0.6976235442650709,0.7928125699985243
25,13,0.9908469461652708,-0.7624512904007872,-0.35871959771130596,-0.02316949600965449,-0.8696429610431955,0.7611147880088087,-0.4340364525809695,1.3597542273670553
25,14,0.0448313155682798,0.7785763637095771,0.7335706136694621,-0.4742571716269853,-0.8244850063956328,0.8220797861989798,-0.7352788430770854,0.1624072942678444
25,15,0.9964446717901051,0.10612793282505444,0.473322054584491,0.3497594239314062,-0.8250926623822784,0.6595064576918572,-0.287180787214113,1.1905179117346578
24,1,-2.2446384649889346,-2.2899365802780602,-1.2596444164905745,-0.3871659867305699,-0.3991258157437609,0.1921081382338787,-0.5213967458248431,-1.1699056005482031
24,2,-2.5860997281038247,-1.1360337520032995,-0.22535006260500925,-0.12142621743125119,0.9407556348096359,0.41274336977925985,1.2717485836032865,-1.0560941782854159
24,3,0.2911312430609877,-0.08066329797620148,-0.0683215675818971,-0.40726395247589664,0.2662574896330961,0.6188631255650762,-0.5176312159436416,2.2017048976382316
24,4,-0.5821139544131578,-0.16938913260679828,0.7293831871355123,-0.09016271516074315,1.3357320261292314,-1.683871948932242,1.3395281214649122,-0.9215513073576601
24,5,0.1176017486911253,0.25089113669602814,-0.045081350318476744,-0.48988892276223933,-0.7825567433170912,0.8540138328700215,-0.17421489077806954,-0.26068349481314873
24,6,0.44226983493151234,-0.8838655904216036,-0.4855986216899809,-0.14375729048161412,0.2176450107014535,0.7001497898186376,-0.34742926531333623,-0.24375986324990898
24,7,0.6549834086752152,-0.26278474800742646,-0.32396395747952406,0.2827662047803174,-0.5674465240445731,0.6914405043628988,-0.3624913848381419,0.035480057543546564
24,8,0.6885697624242202,0.7879159252496398,0.20344241447143566,-0.08346339324563423,-0.40520237561021616,-1.6905490677816415,-0.09890429315404052,1.871694082155057
24,9,-0.31342312442111286,0.834613732949954,0.5463926476019126,-0.4452267766615136,0.12649661270462373,0.6043476498055116,1.8064538267338923,0.36549087302672106
24,10,-0.12869817880158257,1.0867818945316496,0.7844478460569505,-0.31347344566437235,-0.8603670924070514,-1.824236599527231,1.5729909740994021,-0.6203106655319929
24,11,0.03923358994344553,0.5030592982777238,0.4509193226278601,-0.45639231318669493,0.24195125016727478,0.7146652655782022,0.571360025699817,0.9239707146136323
24,12,1.1419855380357955,0.6618318444587917,0.292634599644563,1.4194178230437902,-0.557116372271599,0.40984027462734696,-0.34742926531333623,-0.125294442307231
24,13,-1.4049796212637948,-0.9212238365818548,-0.033565927350115245,0.22693852215441035,1.1868563094010764,0.2850071830950918,0.6542016830862489,-0.036445376600222346
24,14,0.17917673056430228,0.8813115406502681,0.44421944017354104,-0.4050308451708603,-0.7476165240849731,0.20662361399344326,0.8726024161959332,0.20471637317594377
24,15,0.173579004939468,0.42834280595722174,-0.1711228889903615,-0.049966783670089984,-0.4750828140744523,0.5724136031344699,-0.4076777434125594,0.695501688509896
23,1,-2.468547489982305,-2.2974082295101104,-2.2413865673750717,-0.4027977378658239,2.0345364107715924,0.9236881165159313,-0.47621038725042575,-1.1969834110493867
23,2,-1.432968249387966,-1.1313639712332682,-1.3456960317632403,-0.41842948900107796,2.0709957699703248,0.8772385940853251,-0.5048284143475568,-1.1102497992877831
23,3,-2.5860997281038247,-1.1360337520032995,-0.22535006260500925,-0.12142621743125119,0.9407556348096359,0.41274336977925985,1.2717485836032865,-1.0560941782854159
23,4,0.3806948530583354,0.1715048636054942,0.2568321027792936,-0.21744983154781183,-0.7770878394372813,-0.20271280242627637,-0.6155349928548793,0.8985852672687727
23,5,0.50384481680469,0.10612793282505444,0.42118859423681765,0.14654665917310372,-0.8700260881427756,0.4940300340328213,-0.43629577050969043,0.8308907410158137
23,6,0.5766152499275348,0.19952354822568263,0.5047277535891135,-0.32687208949459,-0.8369419541218662,0.6217662207169891,-0.3022429067389189,0.9620488856309218
23,7,-0.3358140269204499,-0.10868198259638993,0.10859720347747605,-0.5256186396428201,0.5305878438239023,-0.28690256183175106,-0.20433912982768115,-0.8403178758541094
23,8,0.30232669431065556,0.5264082021278809,0.2543196468589237,-0.4764902789320216,-0.7719227635507944,-0.5626966012634772,-0.21187018959008405,-0.9080124021070684
23,9,0.2855335174361528,-0.019956147965793654,0.3456055452990262,-0.1281255393463601,-0.6069441631765325,-0.3304489891104444,-0.24199442863969567,-0.46799798146283533
23,10,0.9068810617927567,0.4003241213370333,0.44421944017354104,-0.27327751417371904,-0.8687041325438282,0.6914405043628988,0.17974491805486648,0.6108835306936974
23,11,0.22955626118781008,-0.7624512904007872,-0.136785991411974,-0.4206625963061143,-0.5176187331396395,0.7349869316415926,-0.17421489077806954,-0.6330033892044228
23,12,-0.4533662650419696,0.624473598298541,0.20155807253115787,-0.4541592058816587,0.10522865317203027,0.7756302637683733,-0.4513578900344962,-1.1825983242206328
23,13,0.16238355368979884,1.0354143060613046,1.6173269836595374,-0.5836794295737636,-0.3140539776133865,-1.8327513776077915,-0.5839045418527872,-0.34953256052015735
23,14,0.30792441993549047,0.15749552129539995,0.215795322746587,0.13314801534288606,-0.8535917281559539,0.3024257540065693,-0.3549603250757391,-0.9037814942162583
23,15,0.7501447442973965,1.5164017253745394,0.11822828450556014,-0.005304637569364112,-0.8697927482439036,0.5230609855519505,1.1663137469296458,-0.125294442307231
21,1,-2.642076984352167,-1.5049464328357807,-1.13779030435264,-0.2598788703435014,1.3873827849941016,0.8365952619585444,1.3319970617025094,-1.2045990452528446
21,2,0.7445470186725629,0.7131994329291372,0.09687240918241645,-0.31793966027444487,-0.854169001343267,0.6449909819322927,0.45086306950137095,1.2582124379876167
21,3,0.5150402680543584,-0.06198417489607635,-0.24482159598787553,0.07732033271697872,1.4603015033915654,0.8453045474142827,-0.18927701030287536,-0.14644898176128068
21,4,0.1567858280649652,-0.5943391826796564,-0.4018500910109877,-0.41173016708596905,-0.3049391378137034,0.5666074128306441,-0.16668383101566664,1.638994148160511
21,5,0.44226983493151234,0.5310779828979127,0.31838727282835366,0.7450194169228299,0.20549189096854287,0.10791837882840465,-0.4980504605613942,0.5347271886591183
21,6,0.9572605924162645,0.3069285059364051,-0.2789491222395653,-0.21744983154781183,-0.840982866433059,-0.7601070715935547,1.1211273883552284,0.8520452804698635
21,7,1.2203536967834752,1.6097973407751671,0.8434905601856405,0.07285411810690616,-0.832080706228702,-0.07207352059019576,-0.41520880317496234,2.5613320683570757
21,8,1.0244332999142765,1.2922522484130317,0.9094425280953476,1.1737760194897982,-0.725740908565734,-1.7883833744011064,-0.6132756749261584,-0.6880051917849519
21,9,1.3323082092801606,0.8252741714098911,0.3340901223306647,0.501610720673874,-0.866899394263491,0.2675886121836147,-0.27211866768930726,-0.995592195446834
21,10,1.113996909911624,-0.5196226903591538,0.12095011175262702,-0.06336542750030764,0.03230993477456643,0.23565456551257236,-0.23446336887729277,0.28933453099214246
21,11,0.5542243474281977,1.2128659753224977,0.7120053670196215,-0.2822099433938643,-0.7342480923787715,0.34016599098143746,-0.840713679750726,0.5770362675672176
21,12,1.242744599282813,-1.0519776981427345,-1.6321160066853966,0.4078202138623499,-0.2593649388152886,0.5840259837421212,-0.42951781672352785,-1.0780948993176276
21,13,0.49264936555502076,0.25089113669602814,0.5909887401884762,-0.24424711920824732,-0.8694758556468679,0.624669315868902,-0.5711017402567022,-1.1605976031884213
21,14,0.7949265492960713,-0.29080343262761493,0.07970396039322307,0.0348912939212892,-0.8456922003295618,0.7756302637683733,-0.12902853220365212,0.3443363335726714
21,15,0.05602676681794834,1.0073956214411162,0.6249068951134685,-0.47872338623705785,-0.8688712379401557,0.9382035922754959,-0.7232291474572408,-0.8783960468713988
20,1,-1.0803115350234076,-2.654506364994412,-5.599493276276,-0.3536693771550255,2.052766090370959,0.6217662207169891,-0.3097739665013217,-0.5780015866238937
20,2,-1.2146569500194297,-1.7150865674871938,-0.4179716831666935,-0.23308158268306586,1.1990094291339866,-1.8341442826616794,3.4934112135121405,-0.42568890255473596
20,3,0.850903805544414,-1.5609838020761575,0.25787895941278116,-0.5702807857435459,1.3175023465298654,0.8220797861989798,1.678425810773043,0.44164721506130017
20,4,0.6325925061758775,0.2929191636263103,-0.07606830666970414,0.9035700355804065,-0.8659575274841903,0.749502407401157,0.5412357866502056,0.695501688509896
20,5,0.8173174517954084,1.6845138330956702,0.7850759600370428,-0.25541265573342864,-0.7631117517444341,-1.725966828634979,-0.7601313402930149,2.7221065682078533
20,6,0.7669379211719,-0.18806825568692442,-0.34887914535652415,0.025958864701143936,-0.8544424465372576,-1.4858808595717816,1.6031152131490138,1.2793669774416665
20,7,0.6102016036765404,0.4470219290373474,0.5650266956779882,-0.23978090459817478,-0.7178413807393421,0.6885374092109863,0.14962067900525505,1.8970795294999165
20,8,0.23515398681264496,-0.3608501441780861,-0.20441292993526106,-0.5434834980831104,-0.6443150063552328,0.8133705007432411,-0.547002349017013,-0.18452715277856988
20,9,1.360296837404332,0.5030592982777238,0.4006702042204642,0.532874222944382,-0.7579466758579472,-1.1375094413422326,-0.5635706804942994,0.10317458379650553
20,10,-0.25184814254793586,1.0167351829811784,1.1349354469485367,0.5440397594695635,-0.4872359338073629,-1.8341416698760424,0.08937220090603185,0.255487267865663
20,11,0.4590630118060158,0.9747071560508963,0.3317870377369926,-0.19288565119241255,-0.256326658882061,0.9004633553006284,-0.3926156238877535,1.2709051616600466
20,12,0.6941674880490545,0.4563614905774097,0.9812568931525845,-0.3090072310542998,-0.6892815493670021,-1.8333058687818067,-0.6712648350966607,0.632038070147747
20,13,1.2315491480331444,-0.24877540569733225,0.47436891121797825,0.35422563854147887,-0.868060017197984,0.8249828813508924,-0.9770258614502183,1.07628339868279
20,14,1.06921510491295,-0.4916040057389656,0.5399021364742905,2.7592822060655644,-0.8510091902127104,-1.7938992551897408,-0.5695955283042217,0.915508898832012
20,15,1.1083991842867897,0.703859871389075,0.5179181471710547,-0.01647017409454558,-0.8605493892030451,0.708859075274376,-0.5861638597815081,-1.0002461941267249
19,1,-2.1158907756177463,-2.5304302899346776,-3.9571845896609443,-0.5702807857435459,2.1499910482342437,0.9585252583388866,-0.3248360860261275,-0.08298536339913164
19,2,0.18477445618913654,-0.038635271045919295,-0.07711516330319135,-0.204051187717594,1.5301819418558018,-1.8293170160430783,0.20986915710447807,0.255487267865663
19,3,-0.48695261879097523,1.3389500561133458,0.7566014596061851,-0.3045410164442272,-0.7728342475307628,0.2966195637027438,1.0533478504936027,-0.5272306919341744
19,4,-0.20146861192442808,1.2642335637928437,1.1966999883242944,-0.23308158268306586,0.37563556722929164,-1.7933186361593585,-0.5033222023950761,1.5966850692524117
19,5,0.25754488931198144,1.7312116407959843,0.6408191159424773,0.7003572708221041,-0.8510395730120426,-0.3304489891104444,0.05924796185642002,0.2216400047391835
19,6,0.8397083542947454,0.33494719055659355,0.7392236394902941,-0.4764902789320216,-0.8556577585105486,0.2850071830950918,-0.07631111386683202,-0.5103070603709347
19,7,-0.13429590442641684,1.4697039176742253,1.6556419364451767,-0.5256186396428201,-0.653126018161593,-1.788093064885915,-0.07631111386683202,0.7124253200731355
19,8,0.9516628667914309,0.7412181175493258,0.14481844299614022,-0.0923958224657795,-0.7618964397711431,0.8656262134776734,-0.5703486342804619,0.7420416753088054
19,9,0.06722221806761688,1.3062615907231259,-0.14264838855950362,-0.30677412374926344,-0.832080706228702,0.6043476498055116,-0.4347895585572098,-0.33683983684772756
19,10,1.113996909911624,-0.5196226903591538,0.12095011175262702,-0.06336542750030764,0.03230993477456643,0.23565456551257236,-0.23446336887729277,0.28933453099214246
19,11,-0.15108908130091964,1.2222055368625606,1.0809176446605862,-0.34697005523991675,-0.8129395426493679,0.839498357110457,-0.7224760414810004,0.6151144385845073
19,12,0.7445470186725629,0.1341466174452429,0.5248274009520719,-0.4541592058816587,-0.5735230839110284,0.7117621704262892,-0.21940124935248698,-0.6710815602217122
19,13,0.5094425424295236,-0.33750124032792905,-0.057015515940233345,-0.2665781922586103,-0.7825567433170912,0.7262776461858538,-0.24952548840209848,-0.556847047169844
19,14,-0.49255034441580947,-0.06198417489607635,-0.1631667785758571,0.12421558612274079,1.703363898049778,0.8917540698448897,-0.2796497274517101,-1.1149037979676741
19,15,0.7053629392987231,-0.8044793173310696,-0.578140748090268,-0.3447369479348804,-0.5480015324719161,0.839498357110457,-0.528927805587246,-1.1216732505929699
18,1,-0.2294572400485994,1.6051275600051362,0.7859134453438328,-0.32017276757948127,-0.7761763554573131,0.7669209783126342,-0.7322664191721241,-0.21414350801423943
18,2,-0.005548215055228628,-1.2994760789543989,0.38622358267833806,0.012560220870926111,1.45422494352511,-1.8168917687928912,-0.34742926531333623,0.2216400047391835
18,3,-0.3694003806694555,1.488383040754351,0.7358736982631344,-0.4318281328312958,1.0622868321387422,0.708859075274376,-0.4076777434125594,-0.16760352121533034
18,4,1.0636173792881163,-0.4075479518784002,-0.9300939482687369,-0.08792960785570694,-0.8654410198955417,-0.22593756364157996,-0.6622275633817772,2.662873857736514
18,5,0.4254766580570095,-1.0239590135225458,-0.05010626215921652,-0.5032875665924571,-0.6601140620080166,-1.5410396674581268,-0.4957911426326732,-1.17286723607177
18,6,0.3415107736844955,0.44235214826731545,0.2903315150508909,-0.42289570361115064,-0.01022598429062064,-0.6091461236940834,-0.031124755292414603,2.087470384586364
18,7,0.7837310980464028,-0.19740781722698675,-0.32857012666686874,0.5194755791141645,-0.7804299473638318,0.215332899449182,-0.611769462973678,-0.7768542574919604
18,8,1.035628751163945,0.02207187896448904,0.09059126938149209,-0.005304637569364112,-0.7658462036843391,0.7117621704262892,2.0851030379427993,-0.9232436705139841
18,9,0.2687403405616506,-0.029295709505855957,-0.8099148067443814,-0.28444305069890047,-0.6133245510363107,0.8569169280219348,-0.3323671457885305,-0.8741651389805889
18,10,0.8005242749209056,-0.1740589133768297,0.022754959531508048,2.11168108760504,-0.6825973335139013,0.08469361761310105,-0.3624913848381419,0.9070470830503926
18,11,0.6661788599248831,0.04542078281464609,0.10315354898334117,-0.17502079275212218,1.2871195471975887,-1.6356805694104875,-0.44683925417705445,-0.23952895535909902
18,12,0.9516628667914309,0.7412181175493258,0.14481844299614022,-0.0923958224657795,-0.7618964397711431,0.8656262134776734,-0.5703486342804619,0.7420416753088054
18,13,1.1363878124109612,-0.08066329797620148,0.6929525762901505,-0.1459903977866505,-0.6853317854538062,0.4969331291847339,0.021592663044405717,1.0255125039930704
18,14,0.6493856830503804,-0.05731439412604442,0.507240209509483,-0.36260180637517075,-0.8639826455275924,0.41274336977925985,-0.3549603250757391,-0.15914170543371048
18,15,0.3359130480596618,0.24155157515596534,-0.35578839913754134,-0.3000748018341545,0.14472629230398967,0.7988550249836766,0.021592663044405717,-0.45530525779040565
17,1,-1.9255681043733812,-2.3044129006651577,-1.6388158891397167,-0.5345510688629652,2.1226465288351943,0.34887527643717586,-0.34742926531333623,-1.1542512413522064
17,2,-0.19587088629959318,-2.2908705364320663,-2.532831454137968,-0.2822099433938643,2.022383291038682,0.8685293086295861,-0.3097739665013217,-0.9494752994370056
17,3,-2.720445143099847,-0.33283145955789767,0.16910551689304817,-0.4921220300672757,-0.265441498681744,0.43596813099456316,0.5186426073629968,-1.0730178098486556
17,4,0.5150402680543584,0.699190090619043,-0.10412406444716692,-0.3938653086456788,0.21156845083499837,0.8453045474142827,-0.8309233020596021,2.734799291880283
17,5,-0.5373321494144836,0.9747071560508963,0.49907472776828127,-0.5881456441838362,-0.6695327298010223,0.7698240734645474,0.12702749971804636,-0.4129961788823064
17,6,0.06722221806761688,-0.393538609568306,-0.08234944647062849,-0.5613483565234006,-0.7026499810732038,0.7117621704262892,-0.294711846976516,-0.15914170543371048
17,7,-0.1398936300512511,1.0914516753016816,0.12074074042593003,-0.28667615800393687,-0.8658056134875289,0.848207642566196,-0.5191374278961223,0.039710965434356496
17,8,0.1343949255656275,-0.4355666364985887,0.5560237286299967,-0.4720240643219491,-0.5145804532064119,-1.8234237328846952,0.20986915710447807,-0.9778223823054321
17,9,0.4646607374308494,1.1428192637720265,0.48714056214652507,-0.19511875849744892,-0.694750453246812,0.7901457395279378,-0.5206436398486028,0.568574451785598
17,10,0.2687403405616506,-0.029295709505855957,-0.8099148067443814,-0.28444305069890047,-0.6133245510363107,0.8569169280219348,-0.3323671457885305,-0.8741651389805889
17,11,0.3806948530583354,0.24155157515596534,-0.44498058431066906,-0.30677412374926344,-0.6990040451533306,0.6798281237552473,-0.3398982055509333,-0.09990899496237138
17,12,-0.2798367706721072,1.2548940022527804,0.3610990234746399,-0.3157065529694085,-0.8698322458830356,0.6478940770842052,-0.3624913848381419,-0.13375625808885086
17,13,0.5878107011772034,-0.8791958096515722,-0.18347579726551283,-0.38046666481546115,-0.784075883283705,0.6943435995148118,-0.5786328000191051,-0.9613218415312735
17,14,-0.011145940680062897,0.6011246944483839,0.7164021648802685,-0.40726395247589664,-0.8680174812789188,-1.5494586433986743,-0.12149747244124923,0.24279454419323318
16,1,-0.48695261879097523,-2.658382283033538,-2.5252940863768587,0.905803142885443,2.1499910482342437,1.0049747807694929,-0.3323671457885305,0.8774307278147231
16,2,-0.5765162287883235,-1.4208903789752154,-0.7475221513885318,-0.4362943474413683,1.9798473719734948,0.851110737718109,-0.41520880317496234,-1.177521234751661
16,3,-0.9907479250260591,-2.497274846467455,-0.6912012645069086,-0.06113232019527145,1.4663780632580208,-1.832138824530738,-0.21187018959008405,0.1920236495035142
16,4,-0.022341391929731436,1.0494236483713983,0.6075290749975776,-0.19511875849744892,0.16903253176981112,0.6478940770842052,2.9361127910943265,-1.178790507118904
16,5,-2.31740889811178,-1.5749931443862517,-0.041522037764619275,-0.4742571716269853,1.5028374224567522,-0.4814099370099156,1.5052114362377764,-1.0916338045682195
16,6,1.2931241299063208,-0.809149098101101,-0.1357391347784868,-0.15715593431183195,0.886066596011538,0.656603362539944,-0.47545728127418535,-1.0188621888462885
16,7,-1.8416022200008675,-0.5429715942093108,-0.09051492821183063,-0.22638226076795695,1.2536984679320848,-1.7053548530563973,-0.4573827378444185,-1.0759794453722225
16,8,0.20716535868847363,-1.4068810366651212,-0.6706828744905554,-0.204051187717594,1.6881724983836401,-1.689968448751259,-0.25705654816450146,-0.7768542574919604
16,9,-0.08951409942774267,0.5824455713682578,0.844956159472523,-0.1281255393463601,-0.6385422744821003,-1.2362146765072715,-0.3248360860261275,1.1693633722806083
16,10,0.2911312430609877,0.06876968666480315,-0.1066365203675368,-0.4429936693564772,-0.8205352424824369,0.5985414595016858,-0.40014668365015643,0.187792741612704
16,11,0.7277538417980601,0.47504061365753586,0.5227336876850971,-0.134824861261469,-0.8664132694741746,0.9207850213640187,1.3470591812273156,0.8985852672687727
16,12,0.9348696899169281,-0.18806825568692442,-0.4338839039957023,-0.0008384229592915565,-0.6236547028092847,0.47661146312134356,-0.5831514358765468,0.15394547848622453
16,13,-0.03353684317939998,-0.23943584415726943,0.10650349021050128,-0.6305746829795258,-0.667405933847763,0.7175683607301151,-0.4393081944146516,-0.7260833628022413
16,14,0.9068810617927567,0.16683508283546278,0.36444896470180005,1.2631003116912491,-0.8636788175342697,0.4649990825136922,-0.6095101450449569,1.4443723851832535
16,15,0.0448313155682798,1.1101307983818067,0.1479590128966026,-0.19288565119241255,-0.7618964397711431,0.8278859765028056,-0.11396641267884654,-0.6076179418595631
15,1,-1.6512795487565024,-2.037301440619361,-2.7279655306200223,-0.4206625963061143,2.052766090370959,0.44467741645030184,-0.294711846976516,-1.0823258072084374
15,2,-2.4125702337339625,-1.4722579674455607,-1.5653265534688996,-0.5323179615579289,2.092263729502918,0.685634314059073,-0.15162171149086084,-1.056940359863578
15,3,-0.11750272755191403,-0.4822644441989028,-0.38970655406253335,-0.4429936693564772,0.8708751963453998,0.6188631255650762,1.075941029780811,-1.1868292321114426
15,4,-0.044732294429068516,1.4089967676638169,-0.26031507416348887,-0.30230790913919087,-0.6983963891666851,0.2559762315759627,-0.3700224446005449,-1.183021415009714
15,5,-1.3601978162651207,0.026741659734520452,-0.6285992378243617,2.2456675259072174,1.4967608625902973,0.6449909819322927,-0.4393081944146516,-0.8149324285092499
15,6,-1.2314501268939324,-1.1126848481531424,-1.342555461862778,-0.3983315232557514,-0.18340794048459716,0.6827312189071602,-0.3248360860261275,-1.1813290518533899
15,7,-0.8228161562810314,0.11546749436511725,-0.11249891751506642,-0.37376734290035224,0.7979564779479359,-1.1200908704307553,1.3545902409897184,-0.23952895535909902
15,8,1.4330672705271774,-0.44957597880868266,-0.03900958184424939,-0.15938904161686815,-0.8660486758821873,-0.15626327999567013,-0.6479185498332118,-0.08298536339913164
15,9,1.2931241299063208,1.0260747445212413,0.6249068951134685,0.2805330974752813,-0.8220543824490508,0.9178819262121055,-0.4475923601532948,0.43741630717048996
15,10,-0.2798367706721072,1.7919187908063927,1.2856828021707245,1.1737760194897982,-0.2806328983478823,-1.8105339904102018,-0.5492616669457339,1.1355161091541286
15,11,-0.5989071312876606,1.3949874253537227,0.7017461720114448,3.8535047855333477,-0.8649245123068929,-0.0836859011978474,2.672525699410225,1.0212815961022603
15,12,-0.9459661200273853,0.8532928560300791,1.0051252243960975,1.3077624577919755,-0.8596379052230769,-1.8342522778013304,1.6859568705354457,0.12432912325055522
15,13,0.4310743836818444,-0.1647193518367674,0.3876891819652204,-0.2487133338183199,-0.826915630342215,0.7001497898186376,-0.6012259793063137,2.688259305081374
15,14,1.1587787149102988,-0.3561803634080547,0.5853357143676444,-0.0678316421103802,-0.6291236066890946,0.37790622795630496,-0.3549603250757391,1.2709051616600466
15,15,0.6269947805510439,0.2695702597761538,0.12388131032639202,-0.4385274547464047,-0.10137438228745044,0.6449909819322927,-0.3097739665013217,0.4458781229521101
14,1,-1.8248090431263644,-1.897208017518419,-3.544304333413508,-0.42289570361115064,2.12872308870165,0.6130569352612503,-0.24952548840209848,-1.0125158270100738
14,2,-0.9347706687777165,-1.266787613564179,-1.1735928012179095,-0.5479497126931829,1.8492013348447056,0.8714324037814993,-0.5598051506130979,-1.185136868955119
14,3,-0.3973890087936269,-2.409015989913861,-3.15487366575619,-0.2598788703435014,2.1499910482342437,0.8656262134776734,-0.3926156238877535,0.6024217149120773
14,4,-0.419779911292964,0.6851807483089488,0.8755243731703557,-0.5903787514888725,-0.2867094582143375,0.6624095528437698,-0.432530240628489,-0.9266283968266319
14,5,0.1399926511904624,-0.5336320326692483,-0.5237042031489225,0.025958864701143936,1.2962343869972717,0.13694933034753376,-0.34742926531333623,-0.6753124681125221
14,6,-0.38619355754395895,-1.0006101096723887,-0.6922481211403961,-0.4005646305607877,0.04446305450747707,-1.7163866146336664,-0.17421489077806954,0.8647380041422933
14,7,1.6793671980198854,0.5731060098281949,0.9004395610473561,0.7003572708221041,-0.8311692222487338,-1.831865933586458,-0.46717311553554225,0.945125254067682
14,8,0.5150402680543584,1.5817786561549791,0.3548178836737156,-0.28444305069890047,-0.868889467619755,0.8133705007432411,0.14208961924285196,2.5105611736673565
14,9,0.7165583905483915,0.4843801751975987,0.4481974953807929,0.008094006260853711,-0.8332960182019931,0.6711188382995085,-0.3022429067389189,1.600915977143221
14,10,0.40308575555767306,-1.5749931443862517,-0.8607920391318697,9.570259486426254,1.2415453481991738,-1.7065160911171624,-0.4935318247039524,-0.7726233496011504
14,11,0.9180765130424247,-0.12736110567651557,-0.048221920218939104,-0.1705545781420496,-0.8665348006715037,0.5956383643497731,-0.7209698295285197,-0.931705486295604
14,12,0.03923358994344553,1.2782429061029374,1.2293619152891013,-0.07453096402548912,-0.6105900990964058,-1.7721260415503943,1.1211273883552284,0.3866454124807708
14,13,-1.9087749274988786,0.7412181175493258,-0.11626760139562088,-0.3983315232557514,-0.8699765641798639,0.061468856397798095,2.424000727250929,-1.1225194321711318
14,14,0.15118810244013092,1.3949874253537227,1.3108073613744224,-0.42959502552625944,-0.859880967617735,0.5201578904000372,-0.17421489077806954,0.38241450458996107
14,15,-1.1138978887724131,1.0260747445212413,1.2010967861849415,-0.05219989097512619,-0.8442338259616127,0.708859075274376,0.7671675795222924,-0.5906943102963235
13,1,-2.31740889811178,-2.316087352590236,-3.1492206399353577,-0.45639231318669493,1.9099669335092588,0.7930488346798508,-0.3700224446005449,-0.8530105995265392
13,2,0.10640629744145615,-1.1640524366234881,0.13455924798796368,0.15771219569828518,1.587909260587127,0.589832174045947,-0.38508456412535075,-1.0823258072084374
13,3,-1.6568772743813367,-2.130697056019989,-1.5397832516118068,0.8142457433789548,1.31142578666341,0.32274742006995966,-0.5462492430407727,-1.11321143481135
13,4,-0.8396093331555339,-1.2807969558742731,-1.8372999068489297,-0.5166862104226748,1.7276701375155994,0.7872426443760249,-0.4280116047710472,0.0016327944170670752
13,5,-0.35260720379495336,0.703859871389075,0.08619447152084515,-0.3090072310542998,-0.46900625420799696,0.7553085977049829,0.43580094997656493,-0.8276251521816796
13,6,-0.4309753625426325,1.7078627369458272,0.8914365939993641,-0.09909514438088841,-0.8401929136504198,-1.834151540399559,-0.3926156238877535,0.6278071622569371
13,7,-0.03353684317939998,-0.42155729418849447,-1.1045002634077399,-0.38939909403560624,0.4667839652261215,0.8424014522623702,1.8817644243579212,-0.6964670075665718
13,8,0.173579004939468,-1.4255601597452467,-1.0699539945026553,-0.5122199958126022,-0.25328837894883327,0.7727271686164604,-0.3624913848381419,-0.8149324285092499
13,9,-1.337806913765784,-0.46825510188880853,0.721008334067613,-0.48318960084713053,-0.3292453772795247,-1.832234626670751,-0.15162171149086084,-1.0840181703647616
13,10,0.7669379211719,0.036081221274583276,-0.5195167766149725,0.012560220870926111,-0.7688844836175668,-1.8251946209273622,-0.6162880988311196,2.671335673518134
13,11,0.09521084619178823,0.2742400405461852,-0.070834023502267,-0.41619638169604173,-0.7822529153237685,0.5114486049442984,-0.5424837131595712,0.12856003114136516
13,12,0.6997652136738888,0.4190032444171584,0.44715063874730565,-0.11026068090606972,0.08396069363943665,0.8772385940853251,-0.7827245195802236,1.5332214508902626
13,13,-0.5373321494144836,0.19952354822568263,-0.2672243279445057,-0.5367841761680016,0.19333877123563223,0.7465993122492441,0.5638289659374143,-1.0886721690446524
13,14,0.18477445618913654,0.5170686405878185,-0.17342597358403364,-0.15938904161686815,-0.8572072812764947,0.7611147880088087,-0.6765365769303427,-0.6880051917849519
13,15,-0.20146861192442808,0.9653675945108334,0.8097817765873458,-0.4876558154572031,-0.8695244681257996,0.9759438292503637,-0.6177943107836001,-1.1724441452826893
12,1,-2.742836045599184,-2.23343223296068,-0.9673620444208887,-0.28444305069890047,1.5028374224567522,0.8424014522623702,-0.5063346263000372,-1.2050221360419255
12,2,-2.4293634106084654,-0.3048127749377092,-0.6214806127166471,3.1165793748713715,-0.647960942275106,-1.6098430225584626,0.6240774440366373,-0.5949252181871333
12,3,-0.044732294429068516,-0.70641392116041,-0.7142321104436316,-0.1459903977866505,-0.42343205520958216,0.7814364540721987,-0.3173050262637246,-1.2050221360419255
12,4,1.3658945630291663,-1.1033452866130795,0.5359240812670383,-0.06113232019527145,1.5180288221228906,-1.163637297709449,0.16468279853006088,-0.8530105995265392
12,5,-2.4629497643574707,1.2642335637928437,0.24510730848423473,-0.3871659867305699,-0.8507053622193876,0.9004633553006284,1.1135963285928256,-0.39607254731906655
12,6,1.2091582455338066,0.6338131598386039,1.1533601236979152,2.64762684081375,1.1564735100687997,0.6072507449574245,-0.6690055171679399,0.21740909684837356
12,7,1.8249080642655757,-0.7437721673206615,-0.4319995620554249,0.057222366971651985,1.4967608625902973,0.8249828813508924,-0.2645876079269044,0.19625455739432388
12,8,-0.8004252537816943,-0.7577815096307555,-0.09868040995303204,1.5310731882956043,0.5184347240909917,-1.8342023445647173,-0.287180787214113,0.8351216489066237
12,9,0.1008085718166225,1.2408846599426866,0.537599051880618,-0.4027977378658239,0.33006136823087695,0.8743354989334119,-0.5530271968269354,0.2004854652851338
12,10,0.3247175968099933,1.2642335637928437,1.1902094771966722,-0.24648022651328352,-0.8473936370921693,-1.6327774742585746,-0.3624913848381419,2.0705467530231236
12,11,-0.22385951442376453,-0.795139755791007,0.4375195577192212,-0.28890926530897304,1.0136743532070998,-1.5979403324356196,-0.5311871235159669,-1.0992494387716771
12,12,-0.419779911292964,0.829943952179922,0.9575979332357687,-0.2710444068686828,-0.8587568040424408,-1.7134835194817535,2.9587059703815344,-1.0108234638537497
12,13,0.1903721818139702,0.5170686405878185,1.0285748129862153,0.021492650091071378,-0.838764922081803,-1.796802350341654,-0.34742926531333623,0.3274127020094317
12,14,0.27433806618648426,-0.24410562492730084,0.533202254019971,-0.4027977378658239,-0.8144586826159816,0.6043476498055116,1.075941029780811,-0.27760712637638846
12,15,0.44786756055634724,-0.20207759799701816,0.161986891785334,0.11081694229252312,-0.02541738395675894,0.215332899449182,-0.10643535291644363,-0.32414711317529776
11,1,-2.7092496918501783,-2.4108839022218733,-1.3526052855442574,-0.41173016708596905,2.095302009436146,0.8365952619585444,-0.41520880317496234,-1.2177148597143554
11,2,-1.791222689377359,0.01740209819445815,-0.639695918139328,-0.4362943474413683,2.0497278104377306,0.38080932310821786,1.0684099700184082,0.16663820215865457
11,3,-2.65887016122667,-1.5469744597660633,-1.0963347816665376,-0.37376734290035224,1.7641294967143313,0.9846531147061024,-0.4957911426326732,-1.17709814396258
11,4,-2.69805424060051,-2.0793294675496434,-1.006095739859923,-0.38939909403560624,1.9555411325076735,0.8307890716547183,-0.2645876079269044,-1.0366320019876902
11,5,-0.3302163012956163,-0.11335176336642186,0.06839790875155931,-0.46309163510180384,0.5488175234232683,0.11662766428414338,3.877495261394688,-0.9452443915461957
11,6,0.01684268744410845,-0.8418375634913211,0.1594744358649641,-0.48318960084713053,-0.022379104023531448,0.3343598006776113,-0.5033222023950761,-0.21837441590504936
11,7,0.6381902318007118,-0.2767940903175207,-0.021213019074963535,-0.3246389821895538,-0.7849873672636735,-0.008205427248111739,1.6181773326738196,-0.4637670735720255
11,8,0.1903721818139702,0.3536263136367192,-0.1885007091062526,-0.3514362698499893,-0.7846835392703505,0.6595064576918572,-0.3323671457885305,-0.5145379682617446
11,9,0.5878107011772034,0.6665016252288232,0.8970896198201962,-0.42959502552625944,-0.5024273334735012,-0.8530061164547679,0.19480703757967227,-1.17286723607177
11,10,0.6997652136738888,-0.38886882879827456,-0.028331644182678098,-0.11249378821110607,-0.786506507230287,-1.7616748990035076,0.8951955954831419,-0.5483852313882241
11,11,0.5654197986778663,0.02207187896448904,0.12618439492006417,-0.2219160461578844,-0.8556577585105486,0.6478940770842052,-0.7044014980512334,0.3274127020094317
11,12,0.8005242749209056,0.6431527213786661,0.3841298694113633,-0.18395322197226743,-0.8700042125272562,0.6101538401093377,-0.6471654438569715,0.0016327944170670752
11,13,1.153180989285464,-1.4348997212853094,-0.4357682459359797,-0.049966783670089984,0.33006136823087695,0.5433826516153408,-0.6863269546214665,-0.3537634684109672
11,14,0.8565015311692483,0.36296587517678147,0.7226833046811931,0.7159890219573579,0.6612338809526915,0.47661146312134356,-0.5447430310882921,0.47126357029696947
11,15,0.011244961819274181,0.28824938285627943,-0.06141231380088028,-0.30677412374926344,-0.3991258157437609,0.7291807413377667,-0.6840676366927457,0.3274127020094317
10,1,-1.3210137368912809,-2.2824649310460097,-3.052281715674424,-0.47872338623705785,2.0861871696364624,0.8772385940853251,-0.3700224446005449,-0.5441543234974142
10,2,-0.4309753625426325,0.3442867520966564,0.06295425425742442,-0.20851740232766658,0.4819753648922598,0.9207850213640187,-0.6870800605977069,-1.1855599597442
10,3,0.44226983493151234,-1.1733919981635508,-1.0718383364429327,-0.08123028594059803,1.420803864259606,0.8278859765028056,-0.8399605737744856,-0.8318560600724896
10,4,-0.6548843875360033,-1.761784375187508,-1.1032440354475557,-0.4742571716269853,1.9160434933757142,0.9643314486427124,-0.3398982055509333,-0.8953196784346386
10,5,-0.20706633754926235,0.4843801751975987,0.027570500045550086,-0.41842948900107796,-0.17429310068491427,0.43596813099456316,0.850009236908724,-1.1847137781660377
10,6,0.40308575555767306,0.28824938285627943,-0.7213507355513465,-0.49435513737231185,0.9832915538748231,0.6130569352612503,-0.3398982055509333,-0.3410707447385374
10,7,0.7781333724215679,-0.5289622518992166,0.1908801348695866,0.12421558612274079,0.7614971187492043,-0.00239923694428592,-0.7013890741462723,-0.4003034552098765
10,8,-0.07831864817807413,0.28824938285627943,0.6328630055279727,-0.23531468998810207,1.0805165117381084,-1.8329574973635774,-0.3323671457885305,0.08625095223326579
10,9,0.9684560436659337,-0.0012770248856680115,-0.5052795263995438,0.21353987832419252,-0.8211428984690824,0.7988550249836766,-0.3549603250757391,-0.6372342970952326
10,10,0.29672896868582194,0.7458878983193572,0.699233716091075,-0.5122199958126022,-0.8593948428284186,0.04405028548632064,-0.5259153816822848,0.06932732067002581
10,11,-0.470159441916473,0.026741659734520452,0.5790545745667197,-0.5658145711334733,-0.7421476202051633,-1.8338516506703666,2.6499325201230164,-0.4933834288076949
10,12,0.946065141166596,0.34895653286668776,0.7373392975500169,-0.09686203707585206,-0.05580018328903554,0.6391847916284665,-0.2796497274517101,0.031249149652736626
10,13,0.6493856830503804,-1.3555134481947755,-0.5435944791851831,-0.3380376260197715,0.9589853144090018,0.7378900267935051,-0.42273986293736515,0.28933453099214246
10,14,0.2687403405616506,1.432345671513974,1.1443571566499235,-0.05219989097512619,-0.8287385983021516,-1.8338487475752145,1.625708392436223,1.803999555902098
10,15,0.5934084268020376,-0.15071000952667263,-0.2251406912783119,-0.5233855323377837,-0.8499761750354129,0.5491888419191663,-0.49277871872771206,-0.7514688101471008
9,1,-2.5413179231051504,-1.1033452866130795,-0.9453780551176528,-0.2777437287837917,1.9616176923741289,-1.8232785781270995,-0.41520880317496234,0.11163639957812517
9,2,-2.5021338437313108,-1.439569502055341,-0.02581918826230821,-0.45639231318669493,2.022383291038682,-1.7015808293589105,-0.34742926531333623,-1.1246348861165367
9,3,-2.1214885012425806,-1.3041458597244302,-0.6294367231311512,-0.5501828199982192,1.8795841341769823,0.9323974019716701,-0.5748672701379037,-1.0049001928066157
9,4,-0.022341391929731436,1.0494236483713983,0.6075290749975776,-0.19511875849744892,0.16903253176981112,0.6478940770842052,2.9361127910943265,-1.178790507118904
9,5,-0.5709185031634892,-0.8838655904216036,0.1054566335770137,-0.3380376260197715,1.6517131391849076,-1.7573202562756385,-0.4701855394405034,0.039710965434356496
9,6,-0.2350549656734337,1.2829126868729688,0.6018760491767453,-0.4764902789320216,0.5822386026887724,0.5549950322229921,-0.4076777434125594,-0.7006979154573817
9,7,-0.9739547481515567,0.42834280595722174,-0.377353645787382,-0.5524159273032555,0.008003695308745151,0.9033664504525409,-0.25705654816450146,-1.1149037979676741
9,8,0.6717765855497174,0.10612793282505444,0.5401115078009878,6.064281017519276,-0.8467252155068593,-1.834043835569423,1.8290470060211006,0.5728053596764079
9,9,1.3491013861546635,0.801925267559734,0.35733033959408544,0.4011208919472411,-0.4447000147421757,-1.5781992854026121,-0.4076777434125594,1.0635906750103599
9,10,-0.005548215055228628,0.06409990589477225,0.2532727902254365,0.26490134634002716,-0.8165854785692409,0.1514648061070983,0.4734562487885793,0.23010182052080336
9,11,0.5486266218033634,0.6665016252288232,0.3301120671234129,-0.311240338359336,-0.0011111444909376609,0.7407931219454184,-0.38508456412535075,0.8435834646882436
9,12,0.8844901592934197,0.2555609174660596,0.8730119172499858,-0.2911423726140094,-0.8510091902127104,0.7553085977049829,-0.7149449817185975,1.1228233854816994
9,13,0.7053629392987231,-0.25344518646736364,0.1450278143228376,-0.42289570361115064,-0.7622002677644659,-1.2884703892417038,-0.18927701030287536,-0.4510743498995957
9,14,0.10640629744145615,1.0354143060613046,0.37303318909639654,-0.5010544592874208,-0.8420158816103565,-0.7717194522012064,-0.07631111386683202,-1.173290326860851
9,15,0.4646607374308494,0.16216530206543137,-0.01262879468036666,-0.27997683608882795,-0.768580655624244,0.7146652655782022,-0.34742926531333623,-1.0116696454319116
8,1,-2.082304421868741,-1.6823981020969743,-1.9526635078592425,-0.2710444068686828,1.7884357361801526,0.8046612152875023,-0.4566296318681782,-0.45953616568121547
8,2,-0.7836320769071912,-0.8791958096515722,-1.8666118925865776,-0.30677412374926344,2.101378569302601,0.9033664504525409,-0.3624913848381419,1.1989797275162777
8,3,-0.1231004531767483,-1.2014106827837392,-1.456034720932814,-0.45192609857662236,1.8492013348447056,0.6188631255650762,-0.6215598406648016,-0.8826269547622086
8,4,-0.30222767317144494,-0.41688751341846303,-0.05031563348591389,-0.44969299127158613,1.3053492267969549,0.32274742006995966,-0.3775535043629478,-1.1758288715953369
8,5,0.0448313155682798,-0.38886882879827456,-0.6909918931802111,-0.3246389821895538,-0.557116372271599,0.6449909819322927,0.12702749971804636,-1.0032078296502918
8,6,0.1343949255656275,0.24622135592599675,0.0485076327152983,-0.2643450849535739,-0.8560223521025359,-0.998160874050413,-0.25705654816450146,-0.6330033892044228
8,7,1.7185512773937253,-0.6036787442197192,0.11613457123858498,0.04382372314143431,-0.6081594751498237,-0.41173565336400586,-0.5063346263000372,1.2497506222059969
8,8,0.7333515674228943,1.0214049637512104,1.2285244299823117,-0.15938904161686815,-0.8631319271462886,-1.3175013407608327,-0.15162171149086084,0.7970434778893343
8,9,-0.15108908130091964,-0.12736110567651557,0.08891629876791242,0.40335399925227716,-0.7385016842852902,-1.8185755639810008,2.5821529822613902,1.516297819327023
8,10,-0.08391637380290841,-1.3088156404944618,-2.263789299331702,-0.4050308451708603,-0.4477382946754033,-1.6824204013562853,-0.6885862725501875,0.9662797935217318
8,11,1.0020423974149386,0.29758894439634226,0.5512081881159543,0.8455092456494628,-0.7342480923787715,-1.4742684789641298,-0.016062635767608798,1.9605431478620656
8,12,-0.917977491903214,0.5450873252080065,0.5359240812670383,-0.25541265573342864,-0.7807337753571547,-1.5918438326166027,-0.6019790852825541,0.6531926096017967
8,13,-0.027939117554565705,0.596454913678352,1.0281560703328205,-0.45192609857662236,-0.8665348006715037,0.8017581201355891,-0.5319402294922071,0.37818359669915114
8,14,-0.08391637380290841,0.8626324175701424,1.331953865370868,-0.4094970597809328,-0.8449630131455873,-1.8342522778013304,0.4659251890261766,1.3343687800221957
8,15,-0.7836320769071912,1.0073956214411162,0.0376203237270289,-0.25094644112335607,-0.5847647196639708,0.6304755061727281,-0.3700224446005449,-1.177944325540742
7,1,-2.233443013739266,-2.375393568369635,-2.677507040885929,-0.5367841761680016,2.1408762084345603,0.8743354989334119,-0.6705117291204205,-1.1656746926573933
7,2,-2.4349611362332997,-2.1914042060303975,-2.1279073083050366,-0.16608836353197706,1.9798473719734948,0.6827312189071602,-0.24199442863969567,-1.1275965216401038
7,3,0.18477445618913654,-1.5002766520657493,-1.4970715009655202,-0.41619638169604173,0.6916166802849681,0.6740219334514217,-0.40014668365015643,1.173594280171418
7,4,1.3882854655285033,-0.6877347980802846,-0.6009622227002936,0.608799871315616,-0.5267335729393224,0.2879102782470047,3.945274799256315,-1.0434014546129862
7,5,0.7949265492960713,-0.05731439412604442,0.22542640377467146,0.5127762571990555,-0.8504926826240616,0.8975602601487151,-0.4566296318681782,-0.7641615338195306
7,6,0.1008085718166225,0.3676356559468134,0.4475693814007004,-0.5233855323377837,-0.3596281766118013,0.9323974019716701,0.7746986392846954,0.369721780917531
7,7,-0.4981480700406444,1.2175357560925297,1.1604787488056296,0.02819197200618029,1.2536984679320848,-1.832205595719232,0.5638289659374143,0.12856003114136516
7,8,0.25754488931198144,1.7312116407959843,0.6408191159424773,0.7003572708221041,-0.8510395730120426,-0.3304489891104444,0.05924796185642002,0.2216400047391835
7,9,0.6997652136738888,0.47504061365753586,1.0034502537825174,-0.4653247424068402,-0.8375496101085118,0.4969331291847339,-0.4498516780820156,1.173594280171418
7,10,-0.1566868069257539,0.8252741714098911,0.7787948202361185,-0.6082436099291628,-0.019340824090303622,-1.8206077305873396,0.7521054599974867,1.2328269906427571
7,11,-0.07272092255323986,1.2922522484130317,1.1565006935983775,-0.3447369479348804,-0.836030470141898,-1.5236210965466495,-0.5650768924467798,1.8082304637929085
7,12,0.5094425424295236,0.06876968666480315,0.21412035213300695,-0.4407605620514409,0.6308510816204149,0.10211218852457883,1.5880530936242085,0.8647380041422933
7,13,-0.061525471303571326,1.483713259984319,0.9027426456410285,-0.17725390005715852,-0.8699167100651793,-1.7047742340260148,0.021592663044405717,1.5628378061259318
7,14,-0.12869817880158257,0.031411440504551864,0.7737699083953788,0.38102292620191425,-0.6750016336808322,-1.8336513371048846,-0.6162880988311196,-0.43415071833635593
7,15,0.10640629744145615,1.7031929561757952,0.9894223748937863,4.657423415346413,-0.7634155797377569,-1.833500376156985,1.2943417628904947,1.6982268586318496
6,1,-2.0319248912452323,-2.585066724944045,-4.214711321498847,-0.4809564935420942,1.9920004917064054,0.8627231183257605,-0.8023052749624711,-1.0467861809256342
6,2,-1.8416022200008675,-1.6076816097764717,-1.1484682420142114,-0.3603686990701344,1.9889622117731773,0.8365952619585444,0.23246233639168679,-0.8149324285092499
6,3,-0.626895759411832,-0.4075479518784002,-0.6388584328325378,-0.6372740048946346,0.2297981304343643,0.5724136031344699,-0.4995566725138747,-1.0214007335807744
6,4,-1.9703499093720556,-1.9532453867587956,-1.2089765554297842,-0.41619638169604173,1.587909260587127,-1.7857705887643847,-0.294711846976516,-0.7006979154573817
6,5,-0.19027316067475952,-1.4022112558950897,-0.5002546145588047,1.7543839187992336,1.0896313515377913,-1.8246430328484986,-0.541730607183331,-0.8276251521816796
6,6,-1.7408431587538507,1.2222055368625606,1.2136590657867903,0.6958910562120314,0.23587469030081948,-1.5993918800115763,3.6515634685226006,-0.7514688101471008
6,7,-0.5765162287883235,1.2362148791726548,0.9362420579126257,-0.2755106214787554,-0.2198672996833291,-1.8329574973635774,0.40567671092695334,1.1651324643897987
6,8,0.7165583905483915,1.6705044907855755,1.2549052171461943,-0.26211197764853755,0.5974300023549106,-0.42915422427548333,-0.287180787214113,1.935157700517206
6,9,1.7017581005192217,1.8012583523464554,1.3861810389855163,2.7369511330152023,-0.8582099136544599,-1.8342522778013304,-0.18174595054047246,2.015544950442594
6,10,1.1251923611612926,1.1007912368417443,0.47248456927770116,-0.364834913680207,-0.8257003183689239,-0.7920411182645968,-0.13655959196605502,0.7251180437455654
6,11,1.237146873657978,-0.393538609568306,-0.2668055852911113,0.4256850723026401,-0.8627977163536337,-0.6439832655170386,-0.6893393785264277,0.2851036231013325
6,12,0.6102016036765404,0.14815595975533713,0.5093339227764578,-0.065598534805344,-0.4355851749424927,0.11082147398031757,5.263210257676821,0.027018241761926454
6,13,0.23515398681264496,1.2875824676430008,0.7067710838521842,-0.3045410164442272,-0.8410740148310559,0.5201578904000372,-0.6607213514292967,0.15394547848622453
5,1,-2.289420269987609,-2.263785807965884,-1.5858449434852535,-0.5278517469478563,2.0618809301706413,0.7262776461858538,-0.3775535043629478,-0.8995505863254484
5,2,-2.216649836864763,-0.8605166865714468,0.0794945890665257,-0.4385274547464047,1.9950387716396327,0.8598200231738473,-0.4076777434125594,-0.9164742178886881
5,3,-1.7576363356283535,-1.178061778933582,-1.0132143649676377,-0.03880124714490851,2.1347996485681056,1.0165871613771444,-0.34742926531333623,-1.1745595992280942
5,4,-2.003936263121061,-0.9632518635121373,0.1864833370089393,-0.5032875665924571,1.3813062251276462,0.4591928922098664,-0.4355426645334501,-1.0391705467221761
5,5,-0.6772752900353404,0.4003241213370333,0.8707088326563133,-0.4362943474413683,-0.5297718528725501,-1.5558454527328827,-0.7352788430770854,-0.9871303796652141
5,6,-0.7332525462836831,-1.2434387097140218,-0.6541425396814545,-0.6484395414198161,-0.6707480417743135,-1.8254558994910344,-0.12149747244124923,-1.1749826900171751
5,7,1.2259514224083095,0.04542078281464609,-0.009278853453207302,0.42345196499760374,-0.1044126622206781,0.3924217037158695,-0.34742926531333623,-0.036445376600222346
5,8,0.3303153224348269,0.8719719791102053,0.60815718897767,-0.48542270815216676,-0.8059514988029441,0.685634314059073,0.14208961924285196,1.2793669774416665
5,9,0.08961312056695396,-0.20207759799701816,0.6674092744330574,-0.311240338359336,1.0227891930067827,-1.7207412573615357,-0.5454961370645324,0.7928125699985243
5,10,1.0468242024136134,0.3582960944067506,1.0093126509300472,0.4256850723026401,-0.8698519947026015,0.8220797861989798,-0.6418937020232894,1.1989797275162777
5,11,1.3435036605298292,-0.16938913260679828,0.07635401916606334,-0.23531468998810207,-0.8575414920691498,-0.4610882709465253,-0.3700224446005449,0.027018241761926454
5,12,0.9908469461652708,-0.7624512904007872,-0.35871959771130596,-0.02316949600965449,-0.8696429610431955,0.7611147880088087,-0.4340364525809695,1.3597542273670553
5,13,1.3043195811559893,0.5731060098281949,1.103739119270612,-0.12365932473628755,-0.8436869355736316,-1.8073696166946167,-0.7857369434851847,2.0959322003679834
5,14,-0.419779911292964,0.1761746443755256,0.7107491390594365,-0.4027977378658239,-0.8490646910554446,-1.7163866146336664,-0.40014668365015643,-0.48069070513526513
5,15,0.6493856830503804,0.4563614905774097,0.7783760775827233,-0.5546490346082918,-0.786506507230287,-1.8298105422189035,-0.3700224446005449,1.4570651088556834
5,16,0.5150402680543584,0.08277902897489738,0.6883464071028058,-0.21968293885284804,0.5670472030226341,0.22694528005683362,-0.4784697051791466,-0.8318560600724896
4,1,-2.6084906306031614,-2.0559805636994866,-1.8798022861685186,-0.42959502552625944,2.119608248901967,0.9323974019716701,-0.4355426645334501,-1.1762519623844179
4,2,-2.306213446862112,-1.864519552128199,-1.0414794940717977,-0.4764902789320216,2.052766090370959,0.8772385940853251,-0.40014668365015643,-1.0857105335210855
4,3,-2.4125702337339625,1.362298959963503,0.4360539584323389,-0.19065254388737635,0.18422393143594942,0.9178819262121055,0.2701176352037013,-1.1724441452826893
4,4,0.6102016036765404,-0.5709902788294994,0.8797117997043052,-0.1281255393463601,1.0410188726061487,-1.8339939023328102,-0.48298834103658833,-0.37491800786501683
4,5,-1.0411274556495675,1.0867818945316496,0.9425231977135501,9.882894509131335,-0.00414942442416549,-1.2971796746974427,1.3621213007521213,-0.6922360996757618
4,6,1.5338263317741938,-0.5009435672790281,0.12325319634629991,0.4725803257084023,-0.8555666101125519,0.7030528849705509,-0.5552865147556562,-0.14644898176128068
4,7,0.414281206807341,0.26023069823609096,-0.22681566189189156,-0.3380376260197715,-0.39304925587730555,0.7407931219454184,-0.20433912982768115,-1.1876754136896048
4,8,-1.5001409568859774,0.5917851329083206,0.6772497267878392,-0.32017276757948127,-0.3839344160776226,-1.8230753614664656,-0.5116063681337193,-1.170751782126365
4,9,-0.3302163012956163,0.42367302518719036,0.5246180296253742,-0.31347344566437235,-0.7381978562919674,0.2879102782470047,-0.23446336887729277,-0.040676284491032284
4,10,0.1399926511904624,1.2362148791726548,1.2936389125852288,-0.42512881091618687,-0.8117242306760767,0.1572709964109238,-0.3926156238877535,0.04817278121597613
4,11,0.9180765130424247,0.9606978137408021,0.2572508454326887,-0.5479497126931829,-0.6415805544153279,0.45628979705795353,-0.7616375522454956,1.4062942141659647
4,12,0.7613401955470657,-0.1833984749168925,0.221867091220814,0.07732033271697872,-0.32316881741306946,0.8104674055913279,-0.4875069768940301,-1.0180160072681266
4,13,0.21836080993814155,0.9840467175909591,0.5618861257775263,-0.5010544592874208,-0.8693604010094054,0.9004633553006284,-0.500309778490115,-0.5272306919341744
4,14,1.035628751163945,0.02207187896448904,0.09059126938149209,-0.005304637569364112,-0.7658462036843391,0.7117621704262892,2.0851030379427993,-0.9232436705139841
4,15,-0.5933094056628263,0.38631477902693856,1.0061720810295849,-0.46309163510180384,-0.8699571191882912,-1.0910599189116261,3.1319203449168023,-1.0751332637940607
3,1,-1.5337273106349831,-0.3468408018679919,-0.6803139555186399,-0.39163220134064247,1.8765458542437543,1.0136840662252316,-0.38508456412535075,-1.0755563545831415
3,2,-1.2482433037684355,-1.4909370905256865,-1.0324765270238059,-0.5412503907780741,1.9737708121070394,-1.8212173805692415,-0.15915277125326374,-0.15914170543371048
3,3,0.2127630843133079,-0.4075479518784002,0.00851770931607892,0.05945547427668834,0.31183168863151095,0.6101538401093377,-0.3549603250757391,-0.7218524549114314
3,4,0.4702584630556837,-0.25344518646736364,-0.1681916904165965,-0.4273619182212232,-0.6288197786957718,0.4591928922098664,-0.3624913848381419,-1.0027847388612108
3,5,-0.48695261879097523,1.3389500561133458,0.7566014596061851,-0.3045410164442272,-0.7728342475307628,0.2966195637027438,1.0533478504936027,-0.5272306919341744
3,6,0.16238355368979884,0.6618318444587917,0.7750261363555638,-0.3536693771550255,0.6399659214200981,0.7872426443760249,-0.3173050262637246,0.3104890704461922
3,7,-0.5989071312876606,0.16216530206543137,0.5352959672869458,-0.5568821419133281,-0.865592933892203,-1.2478270571149233,2.205599994141246,0.1708691100494645
3,8,-0.19027316067475952,0.5123988598177867,0.40862631463496896,-0.46755784971187636,0.5184347240909917,0.34016599098143746,-0.42273986293736515,-0.37491800786501683
3,9,-0.4309753625426325,-0.3094825557077406,0.373661303076489,-0.16385525622694086,0.4819753648922598,-1.8342291401329698,-0.6554496095956147,0.41203085982563037
3,10,0.31352214556032415,0.3022587251663737,0.33848692019131205,-0.38939909403560624,-0.6889777213736794,0.5985414595016858,-0.4701855394405034,-0.125294442307231
3,11,0.26314261493681634,-0.010616586425730315,-0.0831869317774187,-0.4764902789320216,-0.6822935055205785,0.4388712261464757,-0.34742926531333623,-0.2522216790315288
3,12,-0.2126640631740966,0.7739065829395462,1.2605582429670266,-0.4608585277967676,-0.7913677551234515,-1.538136572306214,-0.3323671457885305,-0.18452715277856988
3,13,-0.08951409942774267,0.3816449982569077,0.3100124197604541,0.8008470995487373,-0.7479203520782959,-1.7085482577235014,-0.7036483920749932,0.16663820215865457
3,14,0.2687403405616506,0.47504061365753586,0.21307349549951976,-0.45639231318669493,-0.8623723571629818,-0.38270470184487676,-0.12149747244124923,-1.0988263479825962
3,15,-0.7836320769071912,1.0073956214411162,0.0376203237270289,-0.25094644112335607,-0.5847647196639708,0.6304755061727281,-0.3700224446005449,-1.177944325540742
2,1,-1.7968204150021934,-2.658849261110541,-4.150643695529419,-0.4094970597809328,2.12872308870165,0.7988550249836766,-0.41520880317496234,-0.9600525691640305
2,2,-0.7892298025320255,-1.1920711212436768,-0.7127665111567496,-0.509986888507566,2.058842650237414,0.7901457395279378,-0.4076777434125594,-0.9854380165088901
2,3,-2.574904276854156,-1.5049464328357807,-0.06622785431492233,-0.4653247424068402,-0.7691883116108895,-1.5662965952797692,-0.7081670279324349,-1.0078618283301828
2,4,-0.40858446004329607,-1.7384354713373509,-1.3863140691425517,-0.38939909403560624,-0.6172743149495067,0.7785333589202862,-0.3097739665013217,-1.1889446860568478
2,5,0.23515398681264496,-0.2767940903175207,-0.36206953893846605,-0.49435513737231185,-0.6795590535806736,0.685634314059073,-0.3926156238877535,-0.9515907533824106
2,6,-0.027939117554565705,-0.6503765519200333,-0.5299853429498469,-0.4005646305607877,0.5913534424884556,0.8598200231738473,5.722604903183397,-1.0027847388612108
2,7,-0.44776853941713535,0.7972554867897031,0.5541393866897193,-0.6194091464543443,-0.344436776945663,0.9004633553006284,1.1964379859792575,1.5120669114362129
2,8,0.25194716368714776,-1.3555134481947755,-1.1063846053480173,-0.4764902789320216,-0.4355851749424927,0.5637043176787309,1.008161491919185,-0.9625911138985164
2,9,0.01684268744410845,0.20886310976574546,-0.03042535744965288,0.224705414849374,-0.740020824251904,-1.667033997051147,0.0065305435195999115,-0.5103070603709347
2,10,0.5262357193040264,-0.38886882879827456,-0.58463125921789,-0.26211197764853755,-0.8652283403002158,0.5840259837421212,-0.3624913848381419,-0.7599306259287207
2,11,0.26314261493681634,1.7498907638761094,1.2197308342610174,-0.563581463828437,-0.7837720552903823,0.8075643104394152,-0.12902853220365212,0.8605070962514834
2,12,-0.016743666304897167,0.23221201361590252,0.8885053954255993,0.4614147891832209,-0.7570351918779789,-1.8054535738943542,0.6165463842742346,0.3570290572451014
2,13,0.5150402680543584,-0.5242924711291852,-0.16211992194236988,-0.38269977212049733,-0.8698541214985549,0.38371241826013075,1.0608789102560052,1.0593597671195503
2,14,0.6773743111745517,1.2689033445628746,1.3334194646577504,-0.48542270815216676,-0.2988625779472482,0.5201578904000372,-0.3398982055509333,2.036699489896644
2,15,0.5150402680543584,-0.30014299416767776,0.4157449397426832,-0.39609841595071515,-0.8517991429953494,0.6188631255650762,2.0851030379427993,-0.6668506523309022
1,1,-3.0411948214028506,-2.1680553021802402,-2.370149933294024,-0.4452267766615136,2.007191891372544,0.851110737718109,5.368645094350462,-1.1182885242803218
1,2,-1.2482433037684355,-1.6497096367067543,-0.868957520873072,-0.4653247424068402,1.970732532173812,0.5811228885902087,0.14208961924285196,-1.170751782126365
1,3,0.6941674880490545,-1.0986755058430484,-0.5609722993010746,-0.19288565119241255,-0.8593340772297542,0.7146652655782022,-0.40014668365015643,-0.4468434420087856
1,4,-0.3414117525452842,-0.06198417489607635,-0.2919301444948091,-0.4050308451708603,1.4481483836586548,0.9178819262121055,0.07431008138122604,-1.173713417649932
1,5,0.5542243474281977,0.9980560599010533,0.4555254918152048,-0.25541265573342864,-0.6522145341816248,0.7727271686164604,-0.3775535043629478,0.3866454124807708
1,6,0.5766152499275348,1.5397506292246959,0.7073991978322768,0.0348912939212892,-0.7783031514105725,0.7524055025530697,1.2792796433656894,1.0720524907919797
1,7,1.0412264767887787,-0.2674545287774579,0.3347182363107572,2.513640402511573,-0.4963507736070459,0.7959519298317633,1.3545902409897184,1.8970795294999165
1,8,1.5338263317741938,0.8719719791102053,0.7630919707338072,-0.30230790913919087,-0.40520237561021616,0.00921314366336572,-0.3173050262637246,1.4401414772924441
1,9,0.7277538417980601,-0.05731439412604442,0.27148809564811743,2.178674306756129,-0.863830731530931,0.6595064576918572,-0.3926156238877535,0.1708691100494645
1,10,0.5878107011772034,-0.8791958096515722,-0.18347579726551283,-0.38046666481546115,-0.784075883283705,0.6943435995148118,-0.5786328000191051,-0.9613218415312735
1,11,1.321112758030492,0.48904995596762957,1.1049953472307965,-0.5166862104226748,-0.8250926623822784,-1.604907760800211,-0.2645876079269044,1.613608700815651
1,12,1.6233899417715427,0.9466884714307073,0.8294626812969093,-0.24648022651328352,-0.6452264903352011,0.37790622795630496,1.4449629581385528,2.425943015851158
1,13,0.39189030430800453,-0.8138188788711327,0.4067419726946912,-0.18618632927730364,1.4511866635918824,0.49983622433664715,4.856533030507064,0.8562761883606734
